flow,hs_code,description,first_period,last_period,family_code,family_name,enclosing_family_name,enclosing_source,therapeutic_class,source,confidence,why,added_on
exports,30021100,Malaria diagnostic test kits,201702,202111,,Diagnostic reagents,,,in-vitro diagnostic,"asserted, unsourced",high,"malaria test kits are diagnostic, not therapeutic",2026-08-12
exports,30021900,"Immunological products, nes, w/n modified/obtained by biotechnological processes",201701,202112,,Immunological products,,,immunological product,"asserted, unsourced",high,"the imports entry for the identical description, carried across because the same wording under the other flow is the same commodity. asserted from pharmacological knowledge; no citable source was available offline",2026-08-12
exports,30023000,"Vaccines, for veterinary medecine",201701,202112,,Veterinary vaccines,,,vaccine,"asserted, unsourced",high,asserted from pharmacological knowledge; no citable source was available offline,2026-08-12
exports,30023010,"Vaccines against foot or mouth disease, veterinary use",199602,201606,,Veterinary vaccines,,,vaccine,"asserted, unsourced",high,asserted from pharmacological knowledge; no citable source was available offline,2026-08-12
exports,30023090,"Vaccines, veterinary use, nes",199601,201612,,Veterinary vaccines,,,vaccine,"asserted, unsourced",high,"the imports entry for the identical description, carried across because the same wording under the other flow is the same commodity. asserted from pharmacological knowledge; no citable source was available offline",2026-08-12
exports,30023100,"Vaccines against foot or mouth disease, veterinary use",198801,199512,,Veterinary vaccines,,,vaccine,"asserted, unsourced",high,"the imports entry for the identical description, carried across because the same wording under the other flow is the same commodity. the exports entry for the identical description, carried across because the same wording under the other flow is the same commodity. asserted from pharmacological knowledge; no citable source was available offline",2026-08-12
exports,30023900,"Vaccines, veterinary use, nes",198801,199512,,Veterinary vaccines,,,vaccine,"asserted, unsourced",high,"the imports entry for the identical description, carried across because the same wording under the other flow is the same commodity. asserted from pharmacological knowledge; no citable source was available offline",2026-08-12
exports,30029010,Ricin,199712,202606,,"Toxins, toxoids, antitoxins, viruses, bacteriophage and bacterial lysates, nes",,,,"asserted, unsourced",n/a,"no leftover line with this wording exists under exports, so the grouping is carried over by analogy with the other flow rather than read off the tariff. the imports entry for the identical description, carried across because the same wording under the other flow is the same commodity. the leftover line sharing this code's tens block names the family it belongs to",2026-08-12
exports,30029020,"Human blood;animal blood for therap,prophtc/diag use;microbial prep nes,vet use",198801,198812,,Toxins,,,marine neurotoxin,"asserted, unsourced",high,"saxitoxin is a paralytic shellfish toxin, not a therapeutic agent",2026-08-12
exports,30029090,"Human blood;animal blood for therap,prophtc or diag uses; microbial prep, nes",199701,201112,,Blood products,,,blood and microbial preparations,"asserted, unsourced",high,asserted from pharmacological knowledge; no citable source was available offline,2026-08-12
exports,30034000,"Alkaloids or their derivs, formltd, not cntg antibiotics or hormones, in bulk",198804,201611,,Vegetable alkaloids,,,unspecified alkaloid,"asserted, unsourced",high,asserted from pharmacological knowledge; no citable source was available offline,2026-08-12
exports,30034100,"Medicaments,cont ephedrin/salts,mix,therap/prophltc uses,nfrs,o/t No 30.02/05/06",202009,202009,,Vegetable alkaloids,,,sympathomimetic (ephedra alkaloid),"asserted, unsourced",high,"ephedrine, pseudoephedrine and norephedrine are ephedra alkaloids acting on the same receptors; the first two are stereoisomers",2026-08-12
exports,30034200,"Medicaments,cont pseudoephedrine/sa,mix,therap/prophltc,nfrs,o/t No 30.02/05/06",201905,202409,,Non-narcotic vegetable alkaloids,,,sympathomimetic (ephedra alkaloid),"asserted, unsourced",high,pseudoephedrine,2026-08-12
exports,30034900,"Medi,cont alkaloids/deriv t/o,nes,mix,f therap/prophltc,nfrs,o/t No 30.02/05/06",201805,202606,,Vegetable alkaloids,,,unspecified alkaloid,"asserted, unsourced",high,asserted from pharmacological knowledge; no citable source was available offline,2026-08-12
exports,30036000,"Medicaments,cont antimalarial active principles,mixed,nfrs,o/t No 30.02/05/06",201812,202308,,Antimalarials,,,antimalarial,"asserted, unsourced",high,asserted from pharmacological knowledge; no citable source was available offline,2026-08-12
exports,30044100,"Medicaments,cont ephedrin/salts,therap/prophltc,in doses/frs,o/t No 30.02/05/06",201701,202605,,Non-narcotic vegetable alkaloids,,,sympathomimetic (ephedra alkaloid),"asserted, unsourced",high,ephedrine,2026-08-12
exports,30044200,"Medi,cont pseudoephedrine/salts,therap/prophltc,in doses/frs,o/t No 30.02/05/06",201701,202606,,Vegetable alkaloids,,,sympathomimetic (ephedra alkaloid),"asserted, unsourced",high,"ephedrine, pseudoephedrine and norephedrine are ephedra alkaloids acting on the same receptors; the first two are stereoisomers",2026-08-12
exports,30044300,"Medi,cont norephedrine/salts,therap/prophltc,in doses/frs,o/t No 30.02/05/06",201703,202203,,Non-narcotic vegetable alkaloids,,,sympathomimetic (ephedra alkaloid),"asserted, unsourced",high,"norephedrine, an ephedra alkaloid distinct from ephedrine",2026-08-12
exports,30044900,"Medi,cont alkaloids/deriv t/o,nes,therap/prophltc,doses/frs,o/t No 30.02/05/06",201701,202606,,Vegetable alkaloids,,,unspecified alkaloid,"asserted, unsourced",high,"the imports entry for the identical description, carried across because the same wording under the other flow is the same commodity. asserted from pharmacological knowledge; no citable source was available offline",2026-08-12
exports,30049010,"Medi cont cannabis/cannabinoids, therap/prophltc uses, doses/pack f retail sale",201802,202606,,"Medicaments cont more than 23% of abs ethyl alc by vol, nes, in dosage",,,,"asserted, unsourced",n/a,"no leftover line with this wording exists under exports, so the grouping is carried over by analogy with the other flow rather than read off the tariff. the imports entry for the identical description, carried across because the same wording under the other flow is the same commodity. the leftover line sharing this code's tens block names the family it belongs to",2026-08-12
imports,3002100021,"Blood plasma, for therapeutic or prophylactic use in humans",199801,201612,3002100029,"Antisera & o blood fract, human orig, therapeutic/prophylactic use in humans,nes",,,,derived from the tariff block,n/a,the leftover line sharing this code's tens block names the family it belongs to,2026-08-12
imports,3002100022,"Normal serum globulin, for therapeutic or prophylactic use in humans",199801,201612,3002100029,"Antisera & o blood fract, human orig, therapeutic/prophylactic use in humans,nes",,,,derived from the tariff block,n/a,the leftover line sharing this code's tens block names the family it belongs to,2026-08-12
imports,3002100023,"Immune serum globulin, for therapeutic or prophylactic use in humans",199801,201612,3002100029,"Antisera & o blood fract, human orig, therapeutic/prophylactic use in humans,nes",,,,derived from the tariff block,n/a,the leftover line sharing this code's tens block names the family it belongs to,2026-08-12
imports,3002100041,"Bovine albumin, for parenteral administration in humans",199801,201612,3002100049,"Blood albumin nes, of animal origin, for parenteral administration in humans",,,,derived from the tariff block,n/a,the leftover line sharing this code's tens block names the family it belongs to,2026-08-12
imports,3002100042,"Sera and antisera, of animal origin, for parenteral administration in humans",199801,201612,3002100049,"Blood albumin nes, of animal origin, for parenteral administration in humans",,,,derived from the tariff block,n/a,the leftover line sharing this code's tens block names the family it belongs to,2026-08-12
imports,3002100090,"Antisera,o blood fract,immunological prod,w/n mod/obt biotechnological proc,nes",201201,201612,,Blood products,,,antisera and blood fractions,"asserted, unsourced",high,asserted from pharmacological knowledge; no citable source was available offline,2026-08-12
imports,3002101021,"Blood plasma, for therapeutic or prophylactic use in humans",198801,199712,3002101029,"Antisera & o blood fract, human orig, therapeutic/prophylactic use in humans,nes",,,,derived from the tariff block,n/a,the leftover line sharing this code's tens block names the family it belongs to,2026-08-12
imports,3002101022,"Normal serum globulin, for therapeutic or prophylactic use in humans",198801,199712,3002101029,"Antisera & o blood fract, human orig, therapeutic/prophylactic use in humans,nes",,,,derived from the tariff block,n/a,the leftover line sharing this code's tens block names the family it belongs to,2026-08-12
imports,3002101023,"Immune serum globulin, for therapeutic or prophylactic use in humans",199001,199712,3002101029,"Antisera & o blood fract, human orig, therapeutic/prophylactic use in humans,nes",,,,derived from the tariff block,n/a,the leftover line sharing this code's tens block names the family it belongs to,2026-08-12
imports,3002110000,Malaria diagnostic test kits,201701,202112,,Diagnostic reagents,,,in-vitro diagnostic,"asserted, unsourced",high,"the exports entry for the identical description, carried across because the same wording under the other flow is the same commodity. malaria test kits are diagnostic, not therapeutic",2026-08-12
imports,3002120011,"Human antisera and other human blood fractions, for diagnostic use",201701,202606,3002120019,"Human antisera and other human blood fractions, nes",,,,derived from the tariff block,n/a,the leftover line sharing this code's tens block names the family it belongs to,2026-08-12
imports,3002120012,"Human blood plasma, for therapeutic/prophylactic/other uses",201701,202606,3002120019,"Human antisera and other human blood fractions, nes",,,,derived from the tariff block,n/a,the leftover line sharing this code's tens block names the family it belongs to,2026-08-12
imports,3002120013,"Human immune globulin, for therapeutic/prophylactic/other uses",201701,202606,3002120019,"Human antisera and other human blood fractions, nes",,,,derived from the tariff block,n/a,the leftover line sharing this code's tens block names the family it belongs to,2026-08-12
imports,3002120021,"Animal antisera and other animal blood fractions, for use in humans",201701,202606,3002120029,"Animal antisera and other animal blood fractions, nes",,,,derived from the tariff block,n/a,the leftover line sharing this code's tens block names the family it belongs to,2026-08-12
imports,3002190000,"Immunological products, nes, w/n modified/obtained by biotechnological processes",201701,202112,,Immunological products,,,immunological product,"asserted, unsourced",high,asserted from pharmacological knowledge; no citable source was available offline,2026-08-12
imports,3002300090,"Vaccines, veterinary use, nes",199801,202112,,Veterinary vaccines,,,vaccine,"asserted, unsourced",high,"the exports entry for the identical description, carried across because the same wording under the other flow is the same commodity. the imports entry for the identical description, carried across because the same wording under the other flow is the same commodity. asserted from pharmacological knowledge; no citable source was available offline",2026-08-12
imports,3002301000,Vacc agnst foot and mth disse; vacc prepr for parentl admin; bovi intrnsl vacc,199601,199712,,Veterinary vaccines,,,vaccine,"asserted, unsourced",high,asserted from pharmacological knowledge; no citable source was available offline,2026-08-12
imports,3002309000,"Vaccines, veterinary use, nes",199601,199712,,Veterinary vaccines,,,vaccine,"asserted, unsourced",high,asserted from pharmacological knowledge; no citable source was available offline,2026-08-12
imports,3002310000,"Vaccines against foot or mouth disease, veterinary use",198801,199507,,Veterinary vaccines,,,vaccine,"asserted, unsourced",high,"the exports entry for the identical description, carried across because the same wording under the other flow is the same commodity. asserted from pharmacological knowledge; no citable source was available offline",2026-08-12
imports,3002391000,"Vaccines nes, prepared for parenteral admin in animal; bovine intranasal vaccine",198801,199512,,Veterinary vaccines,,,vaccine,"asserted, unsourced",high,asserted from pharmacological knowledge; no citable source was available offline,2026-08-12
imports,3002399000,"Vaccines, veterinary use, nes",198801,199512,,Veterinary vaccines,,,vaccine,"asserted, unsourced",high,asserted from pharmacological knowledge; no citable source was available offline,2026-08-12
imports,3002420090,"Vaccines, veterinary use, nes",202201,202606,,Veterinary vaccines,,,vaccine,"asserted, unsourced",high,"the exports entry for the identical description, carried across because the same wording under the other flow is the same commodity. the imports entry for the identical description, carried across because the same wording under the other flow is the same commodity. asserted from pharmacological knowledge; no citable source was available offline",2026-08-12
imports,3002900010,"Toxins, toxoids, antitoxins, viruses, bacteriophage and bacterial lysates",201701,202112,,,,,,derived from the tariff block,n/a,"this code's block holds no leftover line its trade could reach, so none is named",2026-08-12
imports,3002900011,Ricin,199801,201609,3002900019,"Toxins, toxoids, antitoxins, viruses, bacteriophage and bacterial lysates, nes",,,,derived from the tariff block,n/a,the leftover line sharing this code's tens block names the family it belongs to,2026-08-12
imports,3002900012,Saxitoxin,200003,201610,3002900019,"Toxins, toxoids, antitoxins, viruses, bacteriophage and bacterial lysates, nes",,,,derived from the tariff block,n/a,the leftover line sharing this code's tens block names the family it belongs to,2026-08-12
imports,3002900020,Butter-making ferment cultures,199801,201612,,Micro-organism cultures,,,dairy fermentation culture,"asserted, unsourced",medium,"butter-making ferment cultures are a food-industry culture, not a medicine",2026-08-12
imports,3002900050,Micro-organisms cultures,201701,202112,,Micro-organism cultures,,,microbiological culture,"asserted, unsourced",medium,asserted from pharmacological knowledge; no citable source was available offline,2026-08-12
imports,3002900091,Bacteria culture inoculants for seeds,199801,200112,3002900099,"Human blood, animal blood for therap, prophltc or diag uses, microbial prep, nes",,,,derived from the tariff block,n/a,the most general leftover line open in this code's own era names the family it belongs to,2026-08-12
imports,3002900092,Whole human blood,199801,201612,3002900090,"Human blood;animal blood for therap/prophltc/diagnostic uses;toxins,sim prod,nes",,,,derived from the tariff block,n/a,the leftover line sharing this code's tens block names the family it belongs to,2026-08-12
imports,3002900093,Antiallergenic preparations of microbial origin,199802,201612,3002900090,"Human blood;animal blood for therap/prophltc/diagnostic uses;toxins,sim prod,nes",,,,derived from the tariff block,n/a,the leftover line sharing this code's tens block names the family it belongs to,2026-08-12
imports,3002901010,"Toxins, toxoids, antitoxins, viruses, bacteriophage and bacterial lysates",198801,199612,3002901019,"Toxins, toxoids, antitoxins, viruses, bacteriophage and bacterial lysates, nes",,,,derived from the tariff block,n/a,the leftover line sharing this code's tens block names the family it belongs to,2026-08-12
imports,3002901011,Ricin,199701,199712,3002901019,"Toxins, toxoids, antitoxins, viruses, bacteriophage and bacterial lysates, nes",,,,derived from the tariff block,n/a,the leftover line sharing this code's tens block names the family it belongs to,2026-08-12
imports,3002901030,Dried blood of human origin,198801,199712,,Blood products,,,blood derivative,"asserted, unsourced",high,asserted from pharmacological knowledge; no citable source was available offline,2026-08-12
imports,3003319100,"Insulin, cont more than 23% of absolute ethyl alcohol by volume, in bulk",198802,199005,,Hormones,,,antidiabetic (peptide hormone),"asserted, unsourced",high,insulin,2026-08-12
imports,3003319900,"Insulin, formulated, in bulk, nes",198801,199712,,Hormones,,,antidiabetic (peptide hormone),"asserted, unsourced",high,"insulin, bulk",2026-08-12
imports,3003390090,"Hormones, nes, not containing antibiotics, in bulk, o/t contraceptives",199801,201112,,Hormones,,,unspecified hormone,"asserted, unsourced",high,asserted from pharmacological knowledge; no citable source was available offline,2026-08-12
imports,3003399100,"Hormones, containing more than 23% of absolute ethyl alcohol by volume, in bulk",198801,199707,,Hormones,,,unspecified hormone,"asserted, unsourced",high,asserted from pharmacological knowledge; no citable source was available offline,2026-08-12
imports,3003400000,"Alkaloids or their derivs, formulated, not cont antibiotics/hormones, in bulk",199801,201612,,Vegetable alkaloids,,,unspecified alkaloid,"asserted, unsourced",high,asserted from pharmacological knowledge; no citable source was available offline,2026-08-12
imports,3003410000,"Medicaments,cont ephedrin/salts,mix,therap/prophltc uses,nfrs,o/t No 30.02/05/06",201706,202605,,Vegetable alkaloids,,,sympathomimetic (ephedra alkaloid),"asserted, unsourced",high,"ephedrine, pseudoephedrine and norephedrine are ephedra alkaloids acting on the same receptors; the first two are stereoisomers",2026-08-12
imports,3003420000,"Medicaments,cont pseudoephedrine/sa,mix,therap/prophltc,nfrs,o/t No 30.02/05/06",202209,202401,,Non-narcotic vegetable alkaloids,,,sympathomimetic (ephedra alkaloid),"asserted, unsourced",high,"the exports entry for the identical description, carried across because the same wording under the other flow is the same commodity. pseudoephedrine",2026-08-12
imports,3003430000,"Medicaments,cont norephedrine/salts,mix,therap/prophltc,nfrs,o/t No 30.02/05/06",201701,202506,,Vegetable alkaloids,,,sympathomimetic (ephedra alkaloid),"asserted, unsourced",high,"ephedrine, pseudoephedrine and norephedrine are ephedra alkaloids acting on the same receptors; the first two are stereoisomers",2026-08-12
imports,3003490000,"Medi,cont alkaloids/deriv t/o,nes,mix,f therap/prophltc,nfrs,o/t No 30.02/05/06",201701,202606,,Vegetable alkaloids,,,unspecified alkaloid,"asserted, unsourced",high,asserted from pharmacological knowledge; no citable source was available offline,2026-08-12
imports,3003600000,"Medicaments,cont antimalarial active principles,mixed,nfrs,o/t No 30.02/05/06",201701,202508,,Antimalarials,,,antimalarial,"asserted, unsourced",high,"the exports entry for the identical description, carried across because the same wording under the other flow is the same commodity. asserted from pharmacological knowledge; no citable source was available offline",2026-08-12
imports,3003900091,"Medicaments containing acetaminophen, in bulk",199801,201112,3003900090,"Other medicaments, formulated, in bulk, nes",,,,derived from the tariff block,n/a,the leftover line sharing this code's tens block names the family it belongs to,2026-08-12
imports,3004100010,"Medicaments,cont penicillins/their derivatives, for human use, in doses/pack frs",201201,202606,,,,,,derived from the tariff block,n/a,"this code's block holds no leftover line its trade could reach, so none is named",2026-08-12
imports,3004100011,"Penicillin G sodium for human use, in dosage",198801,200112,3004100019,"Penicillins or their derivs nes, for human use, in dosage",,,,derived from the tariff block,n/a,the leftover line sharing this code's tens block names the family it belongs to,2026-08-12
imports,3004100012,"Penicillin G procaine for human use, in dosage",198801,199102,3004100019,"Penicillins or their derivs nes, for human use, in dosage",,,,derived from the tariff block,n/a,the leftover line sharing this code's tens block names the family it belongs to,2026-08-12
imports,3004100013,"Penicillin V for human use, in dosage",198801,199110,3004100019,"Penicillins or their derivs nes, for human use, in dosage",,,,derived from the tariff block,n/a,the leftover line sharing this code's tens block names the family it belongs to,2026-08-12
imports,3004100014,"Amoxycillin for human use, in dosage",198801,199112,3004100019,"Penicillins or their derivs nes, for human use, in dosage",,,,derived from the tariff block,n/a,the leftover line sharing this code's tens block names the family it belongs to,2026-08-12
imports,3004200031,"Erythromycin, for human use, in dosage",198801,201112,3004200039,"Macrolide antibiotics nes, for human use, in dosage",,,,derived from the tariff block,n/a,the leftover line sharing this code's tens block names the family it belongs to,2026-08-12
imports,3004200041,"Gentamycins, for human use, in dosage",198801,201112,3004200049,"Aminoglycoside antibiotics, nes, for human use, in dosage",,,,derived from the tariff block,n/a,the leftover line sharing this code's tens block names the family it belongs to,2026-08-12
imports,3004200042,"Kanamycins, for human use, in dosage",198910,199007,3004200049,"Aminoglycoside antibiotics, nes, for human use, in dosage",,,,derived from the tariff block,n/a,the leftover line sharing this code's tens block names the family it belongs to,2026-08-12
imports,3004200051,"Bacitracin, for human use, in dosage",199003,201112,3004200059,"Polypeptide antibiotics, nes, for human use, in dosage",,,,derived from the tariff block,n/a,the leftover line sharing this code's tens block names the family it belongs to,2026-08-12
imports,3004200052,"Polymyxins, for human use, in dosage",198801,199611,3004200059,"Polypeptide antibiotics, nes, for human use, in dosage",,,,derived from the tariff block,n/a,the leftover line sharing this code's tens block names the family it belongs to,2026-08-12
imports,3004200061,"Chloramphenicol, for human use, in dosage",198802,201110,3004200069,"Antibiotics, nes, for human use, in dosage",,,,derived from the tariff block,n/a,the leftover line sharing this code's tens block names the family it belongs to,2026-08-12
imports,3004200062,"Mitomycin C, for human use, in dosage",198803,201110,3004200069,"Antibiotics, nes, for human use, in dosage",,,,derived from the tariff block,n/a,the leftover line sharing this code's tens block names the family it belongs to,2026-08-12
imports,3004200063,"Vancomycin, for human use, in dosage",198801,201112,3004200069,"Antibiotics, nes, for human use, in dosage",,,,derived from the tariff block,n/a,the leftover line sharing this code's tens block names the family it belongs to,2026-08-12
imports,3004200064,"Rifamycins, for human use, in dosage",198801,199106,3004200069,"Antibiotics, nes, for human use, in dosage",,,,derived from the tariff block,n/a,the leftover line sharing this code's tens block names the family it belongs to,2026-08-12
imports,3004200064,"Lincomycin, for human use, in dosage",199112,199112,3004200069,"Antibiotics, nes, for human use, in dosage",,,,derived from the tariff block,n/a,the most general leftover line open in this code's own era names the family it belongs to,2026-08-16
imports,3004200065,"Lincomycin, for human use, in dosage",198812,198904,3004200069,"Antibiotics, nes, for human use, in dosage",,,,derived from the tariff block,n/a,the leftover line sharing this code's tens block names the family it belongs to,2026-08-12
imports,3004200066,"Spectinomycin, for human use, in dosage",198801,199101,3004200069,"Antibiotics, nes, for human use, in dosage",,,,derived from the tariff block,n/a,the leftover line sharing this code's tens block names the family it belongs to,2026-08-12
imports,3004200071,"Ivermectin, for vet use, in dosage",198901,200112,3004200079,"Antibiotics, nes, for vet use, in dosage",,,,derived from the tariff block,n/a,the most general leftover line open in this code's own era names the family it belongs to,2026-08-12
imports,3004320010,"Adrenal cortical horm, cont more than 23% of abs ethyl alc by vol, in dosage",199803,200112,3004320019,"Medicaments containing corticosteroid hormones, for human use, nes",,,,derived from the tariff block,n/a,the leftover line sharing this code's tens block names the family it belongs to,2026-08-12
imports,3004320011,"Hydrocortisone, for human use, in dosage",200201,201112,3004320019,"Medicaments containing corticosteroid hormones, for human use, nes",,,corticosteroid,"derived from the tariff block (family) + asserted, unsourced (class)",high,the leftover line sharing this code's tens block names the family it belongs to | class asserted: adrenal cortical and corticosteroid name the same class under two names,2026-08-12
imports,3004320019,"Medicaments containing corticosteroid hormones, for human use, nes",200201,201112,,Corticosteroid hormones,,,corticosteroid,"asserted, unsourced",high,adrenal cortical and corticosteroid name the same class under two names,2026-08-12
imports,3004320020,"Corticosteriod hormones, for veterinary use, in dosage",200201,201112,,Corticosteroid hormones,,,corticosteroid,"asserted, unsourced",high,corticosteroid and adrenal cortical name the same class,2026-08-12
imports,3004320081,"Hydrocortisone, for human use, in dosage",199801,200112,3004320089,"Adrenal cortical hormones, nes, for human use, in dosage","Medicaments containing corticosteroid hormones, for human use, nes","derived from the tariff block (the .89 residual ends 2001-12 and the .19 residual begins 2002-01 in the same subheading, so the leftover renumbered)",corticosteroid,"derived from the tariff block (family) + asserted, unsourced (class)",high,the leftover line sharing this code's tens block names the family it belongs to | class asserted: adrenal cortical and corticosteroid name the same class under two names,2026-08-12
imports,3004320082,"Betamethasone, for human use, in dosage",200011,200111,3004320089,"Adrenal cortical hormones, nes, for human use, in dosage","Medicaments containing corticosteroid hormones, for human use, nes","derived from the tariff block (the .89 residual ends 2001-12 and the .19 residual begins 2002-01 in the same subheading, so the leftover renumbered)",corticosteroid,"derived from the tariff block (family) + asserted, unsourced (class)",high,the leftover line sharing this code's tens block names the family it belongs to | class asserted: adrenal cortical and corticosteroid name the same class under two names,2026-08-12
imports,3004320089,"Adrenal cortical hormones, nes, for human use, in dosage",199801,200112,,Adrenal cortical hormones,,,corticosteroid,"asserted, unsourced",high,"the leftover line for adrenal cortical hormones, human use",2026-08-12
imports,3004320090,"Adrenal cortical hormones, for vet use, in dosage",199801,200112,,Adrenal cortical hormones,,,corticosteroid,"asserted, unsourced",high,"same class as the line above, veterinary rather than human",2026-08-12
imports,3004329011,"Hydrocortisone, for human use, in dosage",198801,199712,3004329019,"Adrenal cortical hormones, nes, for human use, in dosage","Medicaments containing corticosteroid hormones, for human use, nes","derived from the tariff block (the .89 residual ends 2001-12 and the .19 residual begins 2002-01 in the same subheading, so the leftover renumbered)",corticosteroid,"derived from the tariff block (family) + asserted, unsourced (class)",high,the leftover line sharing this code's tens block names the family it belongs to | class asserted: adrenal cortical and corticosteroid name the same class under two names,2026-08-12
imports,3004329012,"Betamethasone, for human use, in dosage",198803,199706,3004329019,"Adrenal cortical hormones, nes, for human use, in dosage","Medicaments containing corticosteroid hormones, for human use, nes","derived from the tariff block (the .89 residual ends 2001-12 and the .19 residual begins 2002-01 in the same subheading, so the leftover renumbered)",corticosteroid,"derived from the tariff block (family) + asserted, unsourced (class)",high,the leftover line sharing this code's tens block names the family it belongs to | class asserted: adrenal cortical and corticosteroid name the same class under two names,2026-08-12
imports,3004329019,"Adrenal cortical hormones, nes, for human use, in dosage",198801,199712,,Corticosteroid hormones,,,corticosteroid,"asserted, unsourced",high,adrenal cortical and corticosteroid name the same class under two names,2026-08-12
imports,3004390010,"Epinephrine & its sol & pituitary extrc, prepr for parentl admin in hum, in dos",199801,201112,,Hormones,,,adrenergic / pituitary,"asserted, unsourced",high,epinephrine is a catecholamine; pituitary extracts are peptide hormones,2026-08-12
imports,3004390011,"Medi,cont epinephrine/solutions/pituitary extracts,doses/frs,o/t No 30.02/05/06",201201,202606,,Hormones,,,adrenergic / pituitary,"asserted, unsourced",high,the later form of the line above,2026-08-12
imports,3004390081,"Anterior pituitary hormones, for human use, in dosage",199801,201112,3004390085,"Hormones, nes, for human use, in dosage",,,,derived from the tariff block,n/a,the leftover line sharing this code's tens block names the family it belongs to,2026-08-12
imports,3004390082,"Posterior pituitary hormones, for human use, in dosage",199806,201112,3004390085,"Hormones, nes, for human use, in dosage",,,,derived from the tariff block,n/a,the leftover line sharing this code's tens block names the family it belongs to,2026-08-12
imports,3004390083,"Unmixed single estrogens, for human use, in dosage",199801,201112,3004390085,"Hormones, nes, for human use, in dosage",,,,derived from the tariff block,n/a,the leftover line sharing this code's tens block names the family it belongs to,2026-08-12
imports,3004390084,"Unmixed single progestational hormones, for human use, in dosage",199801,201112,3004390085,"Hormones, nes, for human use, in dosage",,,,derived from the tariff block,n/a,the leftover line sharing this code's tens block names the family it belongs to,2026-08-12
imports,3004400020,"Vincristine, for human use, in dosage",199801,201112,,Non-narcotic vegetable alkaloids,,,antineoplastic (vinca alkaloid),"asserted, unsourced",high,vincristine is a vinca alkaloid used in chemotherapy,2026-08-12
imports,3004400090,"Non-narc veg alkaloids or their non-narc derivs, nes, for human use, in dosage",199801,200112,,Non-narcotic vegetable alkaloids,,,unspecified alkaloid,"asserted, unsourced",high,asserted from pharmacological knowledge; no citable source was available offline,2026-08-12
imports,3004409011,"Codeine phosphate, for human use, in dosage",199008,199612,3004409019,"Codeine or its derivs nes, for human use, in dosage","Narcotic veg alkaloids or their narc derivs, nes, for human use, in dosage","asserted, unsourced (codeine is an opium alkaloid; matches the narcotic grouping already recorded for Morphine and Cocaine in the same block)",,derived from the tariff block,n/a,the leftover line sharing this code's tens block names the family it belongs to,2026-08-12
imports,3004409020,"Quinidine sulphate, for human use, in dosage",198802,199707,,Non-narcotic vegetable alkaloids,,,antiarrhythmic (cinchona alkaloid),"asserted, unsourced",high,quinidine is a cinchona alkaloid used for cardiac arrhythmia,2026-08-12
imports,3004409050,"Morphine or its derivs, for human use, in dosage",198801,199712,,Narcotic vegetable alkaloids,,,opioid analgesic,"asserted, unsourced",high,morphine is an opium alkaloid and a controlled narcotic,2026-08-12
imports,3004409060,"Cocaine or its derivs, for human use, in dosage",199111,199403,,Narcotic vegetable alkaloids,,,local anaesthetic / stimulant,"asserted, unsourced",high,cocaine is a coca alkaloid and a controlled narcotic,2026-08-12
imports,3004410000,"Medicaments,cont ephedrin/salts,therap/prophltc,in doses/frs,o/t No 30.02/05/06",201701,202605,,Non-narcotic vegetable alkaloids,,,sympathomimetic (ephedra alkaloid),"asserted, unsourced",high,"the exports entry for the identical description, carried across because the same wording under the other flow is the same commodity. ephedrine",2026-08-12
imports,3004420000,"Medi,cont pseudoephedrine/salts,therap/prophltc,in doses/frs,o/t No 30.02/05/06",201701,202606,,Vegetable alkaloids,,,sympathomimetic (ephedra alkaloid),"asserted, unsourced",high,"ephedrine, pseudoephedrine and norephedrine are ephedra alkaloids acting on the same receptors; the first two are stereoisomers",2026-08-12
imports,3004430000,"Medi,cont norephedrine/salts,therap/prophltc,in doses/frs,o/t No 30.02/05/06",201712,202606,,Non-narcotic vegetable alkaloids,,,sympathomimetic (ephedra alkaloid),"asserted, unsourced",high,"the exports entry for the identical description, carried across because the same wording under the other flow is the same commodity. norephedrine, an ephedra alkaloid distinct from ephedrine",2026-08-12
imports,3004490090,"Medi,cont alkaloids/deriv t/o,nes,therap/prophltc,doses/frs,o/t No 30.02/05/06",201701,202606,,Vegetable alkaloids,,,unspecified alkaloid,"asserted, unsourced",high,asserted from pharmacological knowledge; no citable source was available offline,2026-08-12
imports,3004500010,"Mx of amino acids & vitamins,& mx of amino acids, protein hydrolysates & vit,etc",199801,201112,3004500019,"Other medicaments cont vitamins and their derivs, for human use, in dosage,nes",,,,derived from the tariff block,n/a,the leftover line sharing this code's tens block names the family it belongs to,2026-08-12
imports,3004500011,"Medi,cont single vitamin,not mixed,f human,doses/pack frs,o/t No 30.02/05/06,nes",201201,202606,3004500019,"Other medicaments cont vitamins and their derivs, for human use, in dosage,nes",,,,derived from the tariff block,n/a,the leftover line sharing this code's tens block names the family it belongs to,2026-08-12
imports,3004500012,"Medi,cont 1 vitamin,mix w o supplements,f human use,doses/frs,o/t No 30.02/05/06",201201,202606,3004500019,"Other medicaments cont vitamins and their derivs, for human use, in dosage,nes",,,,derived from the tariff block,n/a,the leftover line sharing this code's tens block names the family it belongs to,2026-08-12
imports,3004500013,"Medicaments cont multivitamins not mixed with other suppl,for hum use,in dosage",201201,201612,3004500019,"Other medicaments cont vitamins and their derivs, for human use, in dosage,nes",,,,derived from the tariff block,n/a,the leftover line sharing this code's tens block names the family it belongs to,2026-08-12
imports,3004500014,"Medi,cont multivitamins,mix w o suppl,f human use,doses/frs,o/t No 30.02/05/06",201201,202606,3004500019,"Other medicaments cont vitamins and their derivs, for human use, in dosage,nes",,,,derived from the tariff block,n/a,the leftover line sharing this code's tens block names the family it belongs to,2026-08-12
imports,3004500031,"Vitamin C only, for human use, in dosage",199801,201112,3004500039,"Single vitamin only, nes, for human use, in dosage",,,,derived from the tariff block,n/a,the leftover line sharing this code's tens block names the family it belongs to,2026-08-12
imports,3004500032,"Vitamin E only, for human use, in dosage",199801,201112,3004500039,"Single vitamin only, nes, for human use, in dosage",,,,derived from the tariff block,n/a,the leftover line sharing this code's tens block names the family it belongs to,2026-08-12
imports,3004500050,"Multivitamins not mixed with o supplements, for human use, in dosage",199801,200112,,Vitamins,,,multivitamin preparation,"asserted, unsourced",high,not a single substance,2026-08-12
imports,3004500061,"Vitamins-iron preparation, for human use, in dosage",199801,201112,3004500069,"Multivitamins mixed with other supplements, nes, for human use, in dosage",,,,derived from the tariff block,n/a,the leftover line sharing this code's tens block names the family it belongs to,2026-08-12
imports,3004509911,"Vitamin C only, for human use, in dosage",198801,199712,3004509919,"Single vitamin only, nes, for human use, in dosage",,,,derived from the tariff block,n/a,the leftover line sharing this code's tens block names the family it belongs to,2026-08-12
imports,3004509912,"Vitamin E only, for human use, in dosage",198801,199712,3004509919,"Single vitamin only, nes, for human use, in dosage",,,,derived from the tariff block,n/a,the leftover line sharing this code's tens block names the family it belongs to,2026-08-12
imports,3004509920,"Single vitamin mixed w o supplements, for human use, in dosage",199001,199712,,,,,,derived from the tariff block,n/a,"this code's block holds no leftover line its trade could reach, so none is named",2026-08-12
imports,3004509921,"Vitamins-iron preparation, for human use, in dosage",198801,198912,3004509929,"Multivitamins mixed with other supplements, nes, for human use, in dosage",,,,derived from the tariff block,n/a,the leftover line sharing this code's tens block names the family it belongs to,2026-08-12
imports,3004509922,"Multivitamins not mixed with o supplements, for human use, in dosage",198801,198912,3004509929,"Multivitamins mixed with other supplements, nes, for human use, in dosage",,,,derived from the tariff block,n/a,the leftover line sharing this code's tens block names the family it belongs to,2026-08-12
imports,3004509930,"Vitamins & their derivs,nes,for vet use, in dosage",198801,198912,,Vitamins,,,multivitamin preparation,"asserted, unsourced",high,not a single substance,2026-08-12
imports,3004509941,"Vitamins-iron preparation, for human use, in dosage",199001,199712,3004509949,"Multivitamins mixed with other supplements, nes, for human use, in dosage",,,,derived from the tariff block,n/a,the leftover line sharing this code's tens block names the family it belongs to,2026-08-12
imports,3004900012,"Dextrose (glucose) solutions, in dosage",199801,200112,3004900011,"Mixtures of amino acids, nes, in dosage",,,,derived from the tariff block,n/a,the leftover line sharing this code's tens block names the family it belongs to,2026-08-12
imports,3004900021,"Medi cont cannabis/cannabinoids, therap/prophltc uses, doses/pack f retail sale",201804,202606,,,,,,derived from the tariff block,n/a,"this code's block holds no leftover line its trade could reach, so none is named",2026-08-12
imports,3004900022,"Analgesics, for human use, in doses/packings for retail sale, o/t No 30.02/05/06",201801,202606,,,,,,derived from the tariff block,n/a,"this code's block holds no leftover line its trade could reach, so none is named",2026-08-12
imports,3004900023,"Antidepressants & tranquilizers,f human use,in doses/pack frs,o/t No 30.02/05/06",201801,202606,,,,,,derived from the tariff block,n/a,"this code's block holds no leftover line its trade could reach, so none is named",2026-08-12
imports,3004900024,"Antihypertensive agents, for human use, in doses/packings frs,o/t No 30.02/05/06",201801,202606,,,,,,derived from the tariff block,n/a,"this code's block holds no leftover line its trade could reach, so none is named",2026-08-12
imports,3004900025,"Antihistaminic agents, for human use, in doses/packings frs, o/t No 30.02/05/06",201801,202606,,,,,,derived from the tariff block,n/a,"this code's block holds no leftover line its trade could reach, so none is named",2026-08-12
imports,3004900026,"Agents,acting on central nervous system,hum use,doses/frs,o/t No 30.02/05/06,nes",201801,202606,,,,,,derived from the tariff block,n/a,"this code's block holds no leftover line its trade could reach, so none is named",2026-08-12
imports,3004900027,"Local anaesthetics, for human use,in doses/pack f retail sale,o/t No 30.02/05/06",201801,202606,,,,,,derived from the tariff block,n/a,"this code's block holds no leftover line its trade could reach, so none is named",2026-08-12
imports,3004900029,"Medi,acting on central nervous system,human use,doses/frs,o/t No 30.02/05/06,nes",201801,202606,,,,,,derived from the tariff block,n/a,"this code's block holds no leftover line its trade could reach, so none is named",2026-08-12
imports,3004900031,"Analgesics, for human use, in dosage",199801,201612,3004900035,"Medicaments, for human use, acting on the nervous system, in dosage, nes",,,,derived from the tariff block,n/a,the leftover line sharing this code's tens block names the family it belongs to,2026-08-12
imports,3004900032,"Antidepressants & tranquilizers, for human use, in dosage",199801,200112,3004900035,"Medicaments, for human use, acting on the nervous system, in dosage, nes",,,,derived from the tariff block,n/a,the leftover line sharing this code's tens block names the family it belongs to,2026-08-12
imports,3004900033,"Antihypertensive agents, for human use, in dosage",199801,201612,3004900035,"Medicaments, for human use, acting on the nervous system, in dosage, nes",,,,derived from the tariff block,n/a,the leftover line sharing this code's tens block names the family it belongs to,2026-08-12
imports,3004900034,"Antihistamines agents, for human use, in dosage",199801,201612,3004900035,"Medicaments, for human use, acting on the nervous system, in dosage, nes",,,,derived from the tariff block,n/a,the leftover line sharing this code's tens block names the family it belongs to,2026-08-12
imports,3004900036,"Local anaesthetics, for human use, in dosage",199801,201612,3004900035,"Medicaments, for human use, acting on the nervous system, in dosage, nes",,,,derived from the tariff block,n/a,the leftover line sharing this code's tens block names the family it belongs to,2026-08-12
imports,3004900041,"Histamine H2 receptor antagonist, for human use, in dosage",199801,201112,3004900049,"Gastro-intestinal agents, for human use, in dosage, nes",,,,derived from the tariff block,n/a,the leftover line sharing this code's tens block names the family it belongs to,2026-08-12
imports,3004900042,"Laxatives, for human use, in dosage",199801,201612,3004900049,"Gastro-intestinal agents, for human use, in dosage, nes",,,,derived from the tariff block,n/a,the leftover line sharing this code's tens block names the family it belongs to,2026-08-12
imports,3004900043,"Antacids, for human use, in dosage",199801,201612,3004900049,"Gastro-intestinal agents, for human use, in dosage, nes",,,,derived from the tariff block,n/a,the leftover line sharing this code's tens block names the family it belongs to,2026-08-12
imports,3004900061,"Anti-infective agents, cont sulfonamides, for human use, in dosage",199801,201612,3004900069,"Anti-infective agents, for human use, in dosage, nes",,,,derived from the tariff block,n/a,the leftover line sharing this code's tens block names the family it belongs to,2026-08-12
imports,3004900071,"Haematological agents, for human use, in dosage",199801,201612,3004900079,"Medicaments nes, for human use, in dosage",,,,derived from the tariff block,n/a,the most general leftover line open in this code's own era names the family it belongs to,2026-08-12
imports,3004900072,"Antineoplastic agents, for human use, in dosage",199801,201612,3004900079,"Medicaments nes, for human use, in dosage",,,,derived from the tariff block,n/a,the most general leftover line open in this code's own era names the family it belongs to,2026-08-12
imports,3004900073,"Cough or cold preparations, for human use, in dosage",199801,201612,3004900074,"Medicaments, prim affecting eyes,ears & respiratory system,human use, in dos,nes","Medicaments nes, for human use, in dosage",derived from the tariff block,,derived from the tariff block,n/a,the leftover line sharing this code's tens block names the family it belongs to,2026-08-12
imports,3004900075,"Diuretics, for human use, in dosage",199801,201612,3004900079,"Medicaments nes, for human use, in dosage",,,,derived from the tariff block,n/a,the most general leftover line open in this code's own era names the family it belongs to,2026-08-12
imports,3004900076,"Medicaments affecting electrolytic, caloric/water balance, for human use, in dos",199801,201112,3004900079,"Medicaments nes, for human use, in dosage",,,,derived from the tariff block,n/a,the most general leftover line open in this code's own era names the family it belongs to,2026-08-12
imports,3004900077,"Dermatological agents, for human use, in dosage",199801,201612,3004900079,"Medicaments nes, for human use, in dosage",,,,derived from the tariff block,n/a,the most general leftover line open in this code's own era names the family it belongs to,2026-08-12
imports,3004900078,"Medicaments cont hyaluronic acid or its sodium salt, for human use, in dosage",199801,201612,3004900079,"Medicaments nes, for human use, in dosage",,,,derived from the tariff block,n/a,the most general leftover line open in this code's own era names the family it belongs to,2026-08-12
imports,3004900081,"Anaesthetic, for veterinary use, in dosage",199801,201112,3004900089,"Medicaments nes, for veterinary use, in dosage",,,anaesthetic,"derived from the tariff block (family) + asserted, unsourced (class)",high,the leftover line sharing this code's tens block names the family it belongs to | class asserted: the later form of the anaesthetic line,2026-08-12
imports,3004900089,"Medicaments nes, for veterinary use, in dosage",199801,200112,,"Medicaments nes, veterinary",,,unspecified,"asserted, unsourced",high,the leftover line itself,2026-08-12
imports,3004909911,"Analgesics, for human use, in dosage",198801,199712,3004909915,"Medicaments, for human use, acting on the nervous system, in dosage, nes",,,,derived from the tariff block,n/a,the leftover line sharing this code's tens block names the family it belongs to,2026-08-12
imports,3004909912,"Antidepressants & tranquilizers, for human use, in dosage",198801,199712,3004909915,"Medicaments, for human use, acting on the nervous system, in dosage, nes",,,,derived from the tariff block,n/a,the leftover line sharing this code's tens block names the family it belongs to,2026-08-12
imports,3004909913,"Antihypertensive agents, for human use, in dosage",198801,199712,3004909915,"Medicaments, for human use, acting on the nervous system, in dosage, nes",,,,derived from the tariff block,n/a,the leftover line sharing this code's tens block names the family it belongs to,2026-08-12
imports,3004909914,"Antihistamines agents, for human use, in dosage",198801,199712,3004909915,"Medicaments, for human use, acting on the nervous system, in dosage, nes",,,,derived from the tariff block,n/a,the leftover line sharing this code's tens block names the family it belongs to,2026-08-12
imports,3004909916,"Local anaesthetics, for human use, in dosage",199004,199712,3004909915,"Medicaments, for human use, acting on the nervous system, in dosage, nes",,,,derived from the tariff block,n/a,the leftover line sharing this code's tens block names the family it belongs to,2026-08-12
imports,3004909921,"Histamine H2 receptor antagonist, for human use, in dosage",198801,199712,3004909929,"Gastro-intestinal agents, for human use, in dosage, nes",,,,derived from the tariff block,n/a,the leftover line sharing this code's tens block names the family it belongs to,2026-08-12
imports,3004909922,"Laxatives, for human use, in dosage",199001,199712,3004909929,"Gastro-intestinal agents, for human use, in dosage, nes",,,,derived from the tariff block,n/a,the leftover line sharing this code's tens block names the family it belongs to,2026-08-12
imports,3004909923,"Antacids, for human use, in dosage",199001,199712,3004909929,"Gastro-intestinal agents, for human use, in dosage, nes",,,antacid / gastro-intestinal,"derived from the tariff block (family) + asserted, unsourced (class)",medium,the leftover line sharing this code's tens block names the family it belongs to | class asserted: no citable source offline,2026-08-12
imports,3004909940,"Anti-infective agents, for human use, in dosage",198801,198912,3004909949,"Anti-infective agents, for human use, in dosage, nes",,,,derived from the tariff block,n/a,the leftover line sharing this code's tens block names the family it belongs to,2026-08-12
imports,3004909941,"Anti-infective agents, containing sulfonamides, for human use, in dosage",199001,199712,3004909949,"Anti-infective agents, for human use, in dosage, nes",,,,derived from the tariff block,n/a,the leftover line sharing this code's tens block names the family it belongs to,2026-08-12
imports,3004909971,"Cough/cold preparations, for human use, in dosage",199001,199712,3004909979,"Medicaments, prim affecting eyes,ears & respiratory system,human use, in dos,nes",,,,derived from the tariff block,n/a,the leftover line sharing this code's tens block names the family it belongs to,2026-08-12
imports,3004909981,"Diuretics, for human use, in dosage",198801,199712,3004909989,"Medicaments nes, for human use, in dosage",,,,derived from the tariff block,n/a,the leftover line sharing this code's tens block names the family it belongs to,2026-08-12
imports,3004909982,"Medicaments affecting electrolytic, caloric/water balance, for human use, in dos",198801,199712,3004909989,"Medicaments nes, for human use, in dosage",,,,derived from the tariff block,n/a,the leftover line sharing this code's tens block names the family it belongs to,2026-08-12
imports,3004909983,"Dermatological agents, for human use, in dosage",199001,199712,3004909989,"Medicaments nes, for human use, in dosage",,,,derived from the tariff block,n/a,the leftover line sharing this code's tens block names the family it belongs to,2026-08-12
imports,3004909984,"Medicaments cont hyaluronic acid or its sodium salt, for human use, in dosage",199001,199712,3004909989,"Medicaments nes, for human use, in dosage",,,,derived from the tariff block,n/a,the leftover line sharing this code's tens block names the family it belongs to,2026-08-12
imports,3004909991,"Anaesthetic, for veterinary use, in dosage",198801,199712,3004909999,"Medicaments nes, for veterinary use, in dosage",,,anaesthetic,"derived from the tariff block (family) + asserted, unsourced (class)",high,the leftover line sharing this code's tens block names the family it belongs to | class asserted: an anaesthetic abolishes sensation; distinct from a sedative,2026-08-12
imports,3004909992,"Coccidiostats, in dosage",198801,199106,3004909999,"Medicaments nes, for veterinary use, in dosage",,,,derived from the tariff block,n/a,the leftover line sharing this code's tens block names the family it belongs to,2026-08-12
imports,3004909993,"Tranquilizers, for veterinary use, in dosage",198803,199106,3004909999,"Medicaments nes, for veterinary use, in dosage",,,sedative / tranquilliser,"derived from the tariff block (family) + asserted, unsourced (class)",high,the leftover line sharing this code's tens block names the family it belongs to | class asserted: tranquillisers act on the central nervous system to sedate,2026-08-12
imports,3006600011,"Contraceptive prep, cont norethesterone acetate & ethinylestradiol, in dosage",198801,201111,3006600019,"Contraceptive prep based on hormones,o prod of 29.37/spermicides,in dosage,nes",,,,derived from the tariff block,n/a,the most general leftover line open in this code's own era names the family it belongs to,2026-08-12
imports,3006809010,Waste pharmaceuticals of the goods of heading 30.01,200201,200510,,Waste pharmaceuticals,,,"waste, from heading 30.01","asserted, unsourced",high,asserted from pharmacological knowledge; no citable source was available offline,2026-08-12
imports,3006809020,Waste pharmaceuticals of the goods of heading 30.02,200407,200511,,Waste pharmaceuticals,,,"waste, from heading 30.02","asserted, unsourced",high,asserted from pharmacological knowledge; no citable source was available offline,2026-08-12
imports,3006809030,Waste pharmaceuticals of the goods of heading 30.03,200202,200501,,Waste pharmaceuticals,,,"waste, from heading 30.03","asserted, unsourced",high,asserted from pharmacological knowledge; no citable source was available offline,2026-08-12
imports,3006809041,Waste pharmaceuticals of the goods of subheadings 3004.10 to 3004.39,200306,200610,,Waste pharmaceuticals,,,"waste, from subheadings 3004.10 to 3004.39","asserted, unsourced",high,asserted from pharmacological knowledge; no citable source was available offline,2026-08-12
imports,3006809042,Waste pharmaceuticals of the goods of subheadings 3004.40 or 3004.50,200312,200604,,Waste pharmaceuticals,,,"waste, from subheadings 3004.40 or 3004.50","asserted, unsourced",high,asserted from pharmacological knowledge; no citable source was available offline,2026-08-12
imports,3006809043,Waste pharmaceuticals of the goods of subheading 3004.90,200205,200508,,Waste pharmaceuticals,,,"waste, from subheading 3004.90","asserted, unsourced",high,asserted from pharmacological knowledge; no citable source was available offline,2026-08-12
imports,3006809050,Waste pharmaceuticals of the goods of heading 30.05,200204,200612,,Waste pharmaceuticals,,,"waste, from heading 30.05","asserted, unsourced",high,asserted from pharmacological knowledge; no citable source was available offline,2026-08-12
