retiring_code,flow,last_period,boundary,total_value_cad,description,deciding_layer,outcome,official_destinations,n_official,candidates_before,candidates_after,n_after,official_outside_structural_field,at_hs_revision_boundary,note
3001100010,imports,200612,200701,4534592.00,"Animal glands, dried, powdered or not, for therapeutic uses",wco_correlation,narrowed,,0,4,3001900010;3001900020;3001900090,3,,yes,"the WCO 2002 to 2007 correlation sends this subheading to 300190, leaving 3 of 4 candidate(s)"
3001100090,imports,200612,200701,6809180.00,"Glands, nes, and other organs, dried, powdered or not, for therapeutic uses",wco_correlation,narrowed,,0,4,3001900010;3001900020;3001900090,3,,yes,"the WCO 2002 to 2007 correlation sends this subheading to 300190, leaving 3 of 4 candidate(s)"
3001901000,imports,199712,199801,23789116.00,Heparin and its salts,none,silent_no_source,,0,3,3001900010;3001900020;3001900090,3,,no,no official source reaches 199801
3001902000,imports,199712,199801,26959462.00,"Bone, organs & o human/animal tissue, living/preserved,for grafting/implantation",none,silent_no_source,,0,3,3001900010;3001900020;3001900090,3,,no,no official source reaches 199801
3001909000,imports,199712,199801,2825176.00,"Other human or animal subs prepared for therapeutic or prophylactic uses, nes",none,silent_no_source,,0,3,3001900010;3001900020;3001900090,3,,no,no official source reaches 199801
3002100010,imports,201612,201701,3166447761.00,"Antisera & o blood fractions, human origin, for diagnostic use",cbsa_concordance,decided,3002120011,1,30,3002120011,1,,yes,named by Canada's concordance at 201701
3002100021,imports,201612,201701,1761536873.00,"Blood plasma, for therapeutic or prophylactic use in humans",cbsa_concordance,decided,3002120012,1,30,3002120012,1,,yes,named by Canada's concordance at 201701
3002100022,imports,201612,201701,2414301.00,"Normal serum globulin, for therapeutic or prophylactic use in humans",cbsa_concordance,decided,3002120019,1,30,3002120019,1,,yes,named by Canada's concordance at 201701
3002100023,imports,201612,201701,1415737704.00,"Immune serum globulin, for therapeutic or prophylactic use in humans",cbsa_concordance,decided,3002120013,1,30,3002120013,1,,yes,named by Canada's concordance at 201701
3002100029,imports,201612,201701,5754885877.00,"Antisera & o blood fract, human orig, therapeutic/prophylactic use in humans,nes",cbsa_concordance,decided,3002120019,1,30,3002120019,1,,yes,named by Canada's concordance at 201701
3002100030,imports,201612,201701,1100455460.00,"Antisera and other blood fractions, of human origin, for other uses",cbsa_concordance,constrained,3002120012;3002120013;3002120019,3,30,3002120012;3002120013;3002120019,3,,yes,named by Canada's concordance at 201701
3002100041,imports,201612,201701,27309966.00,"Bovine albumin, for parenteral administration in humans",cbsa_concordance,decided,3002120021,1,30,3002120021,1,,yes,named by Canada's concordance at 201701
3002100042,imports,201612,201701,70394543.00,"Sera and antisera, of animal origin, for parenteral administration in humans",cbsa_concordance,decided,3002120021,1,30,3002120021,1,,yes,named by Canada's concordance at 201701
3002100049,imports,201612,201701,135621054.00,"Blood albumin, nes, of animal origin, for parenteral administration in humans",cbsa_concordance,decided,3002120021,1,30,3002120021,1,,yes,named by Canada's concordance at 201701
3002100051,imports,201612,201701,565555590.00,"Blood fractions, nes, for use in humans",cbsa_concordance,decided,3002120021,1,30,3002120021,1,,yes,named by Canada's concordance at 201701
3002100059,imports,201612,201701,1723388665.00,"Blood fractions, nes",cbsa_concordance,decided,3002120029,1,30,3002120029,1,,yes,named by Canada's concordance at 201701
3002100060,imports,201112,201201,1580200084.00,Modified immunological products,cbsa_concordance,decided,3002100090,1,12,3002100090,1,,yes,named by Canada's concordance at 201201
3002100090,imports,201612,201701,7588057599.00,"Antisera,o blood fract,immunological prod,w/n mod/obt biotechnological proc,nes",cbsa_concordance,constrained,3002110000;3002130000;3002140000;3002150000;3002190000,5,30,3002110000;3002130000;3002140000;3002150000;3002190000,5,,yes,named by Canada's concordance at 201701
3002101010,imports,199712,199801,101722161.00,"Antisera & o blood fractions, human origin, for diagnostic use",none,silent_no_source,,0,13,3002100010;3002100021;3002100022;3002100023;3002100029;3002100030;3002100041;3002100042;3002100049;3002100051;3002100059;3002100060;3002100090,13,,no,no official source reaches 199801
3002101021,imports,199712,199801,80754016.00,"Blood plasma, for therapeutic or prophylactic use in humans",none,silent_no_source,,0,13,3002100010;3002100021;3002100022;3002100023;3002100029;3002100030;3002100041;3002100042;3002100049;3002100051;3002100059;3002100060;3002100090,13,,no,no official source reaches 199801
3002101022,imports,199712,199801,19609749.00,"Normal serum globulin, for therapeutic or prophylactic use in humans",none,silent_no_source,,0,13,3002100010;3002100021;3002100022;3002100023;3002100029;3002100030;3002100041;3002100042;3002100049;3002100051;3002100059;3002100060;3002100090,13,,no,no official source reaches 199801
3002101023,imports,199712,199801,24552889.00,"Immune serum globulin, for therapeutic or prophylactic use in humans",none,silent_no_source,,0,13,3002100010;3002100021;3002100022;3002100023;3002100029;3002100030;3002100041;3002100042;3002100049;3002100051;3002100059;3002100060;3002100090,13,,no,no official source reaches 199801
3002101029,imports,199712,199801,377806210.00,"Antisera & o blood fract, human orig, therapeutic/prophylactic use in humans,nes",none,silent_no_source,,0,13,3002100010;3002100021;3002100022;3002100023;3002100029;3002100030;3002100041;3002100042;3002100049;3002100051;3002100059;3002100060;3002100090,13,,no,no official source reaches 199801
3002101090,imports,199712,199801,70111731.00,"Antisera & o blood fractions, of human origin, for other uses",none,silent_no_source,,0,13,3002100010;3002100021;3002100022;3002100023;3002100029;3002100030;3002100041;3002100042;3002100049;3002100051;3002100059;3002100060;3002100090,13,,no,no official source reaches 199801
3002102110,imports,199712,199801,27900542.00,"Bovine albumin, for parenteral administration in humans",none,silent_no_source,,0,13,3002100010;3002100021;3002100022;3002100023;3002100029;3002100030;3002100041;3002100042;3002100049;3002100051;3002100059;3002100060;3002100090,13,,no,no official source reaches 199801
3002102120,imports,199712,199801,34907173.00,"Sera and antisera, of animal origin, for parenteral administration in humans",none,silent_no_source,,0,13,3002100010;3002100021;3002100022;3002100023;3002100029;3002100030;3002100041;3002100042;3002100049;3002100051;3002100059;3002100060;3002100090,13,,no,no official source reaches 199801
3002102190,imports,199712,199801,40116460.00,"Blood albumin nes, of animal origin, for parenteral administration in humans",none,silent_no_source,,0,13,3002100010;3002100021;3002100022;3002100023;3002100029;3002100030;3002100041;3002100042;3002100049;3002100051;3002100059;3002100060;3002100090,13,,no,no official source reaches 199801
3002102910,imports,199712,199801,955745.00,"Blood fractions, nes, for use in humans",none,silent_no_source,,0,13,3002100010;3002100021;3002100022;3002100023;3002100029;3002100030;3002100041;3002100042;3002100049;3002100051;3002100059;3002100060;3002100090,13,,no,no official source reaches 199801
3002102920,imports,199104,199105,77143.00,"Blood fractions, nes, for use in animals",none,silent_no_source,,0,24,3002100010;3002100021;3002100022;3002100023;3002100029;3002100030;3002100041;3002100042;3002100049;3002100051;3002100059;3002100060;3002100090;3002101010;3002101021;3002101022;3002101023;3002101029;3002101090;3002102110;3002102120;3002102190;3002102910;3002102990,24,,no,no official source reaches 199105
3002102990,imports,199712,199801,26422139.00,"Blood fractions, nes",none,silent_no_source,,0,13,3002100010;3002100021;3002100022;3002100023;3002100029;3002100030;3002100041;3002100042;3002100049;3002100051;3002100059;3002100060;3002100090,13,,no,no official source reaches 199801
3002110000,imports,202112,202201,3361952.00,Malaria diagnostic test kits,wco_correlation,correlated_left_chapter,,0,22,3002120011;3002120012;3002120013;3002120019;3002120021;3002120029;3002130000;3002140000;3002150000;3002410010;3002410090;3002420010;3002420090;3002490010;3002490020;3002490090;3002510000;3002590000;3002900020;3002900030;3002900040;3002900090,22,,yes,"the WCO 2017 to 2022 correlation sends this subheading to 382211, outside Chapter 30"
3002190000,imports,202112,202201,1629159701.00,"Immunological products, nes, w/n modified/obtained by biotechnological processes",tariff_schedule,silent_no_effect,,0,22,3002120011;3002120012;3002120013;3002120019;3002120021;3002120029;3002130000;3002140000;3002150000;3002410010;3002410090;3002420010;3002420090;3002490010;3002490020;3002490090;3002510000;3002590000;3002900020;3002900030;3002900040;3002900090,22,,yes,"the 2022 schedule holds every candidate, so it excludes none"
3002200010,imports,202112,202201,902421504.00,"Vaccines against influenza virus, for human use",wco_correlation,narrowed,,0,22,3002410010;3002410090,2,,yes,"the WCO 2017 to 2022 correlation sends this subheading to 300241, leaving 2 of 22 candidate(s)"
3002200020,imports,201112,201201,5568753.00,"Vaccines against rubella (german measles), for human use",cbsa_concordance,decided,3002200090,1,2,3002200090,1,,yes,named by Canada's concordance at 201201
3002200030,imports,201111,201112,9012275.00,"Vaccines against rabies, for human use",cbsa_concordance,decided,3002200090,1,3,3002200090,1,,yes,named by Canada's concordance at 201112
3002200090,imports,202112,202201,11076237268.00,"Vaccines, nes, for human medicine",wco_correlation,narrowed,,0,22,3002410010;3002410090,2,,yes,"the WCO 2017 to 2022 correlation sends this subheading to 300241, leaving 2 of 22 candidate(s)"
3002300010,imports,202112,202201,803346426.00,Vacc agnst foot and mth disse; vacc prepr for parentl admin; bovi intrnsl vacc,wco_correlation,narrowed,,0,22,3002420010;3002420090,2,,yes,"the WCO 2017 to 2022 correlation sends this subheading to 300242, leaving 2 of 22 candidate(s)"
3002300090,imports,202112,202201,925135646.00,"Vaccines, veterinary use, nes",wco_correlation,narrowed,,0,22,3002420010;3002420090,2,,yes,"the WCO 2017 to 2022 correlation sends this subheading to 300242, leaving 2 of 22 candidate(s)"
3002301000,imports,199712,199801,33376350.00,Vacc agnst foot and mth disse; vacc prepr for parentl admin; bovi intrnsl vacc,none,silent_no_source,,0,2,3002300010;3002300090,2,,no,no official source reaches 199801
3002309000,imports,199712,199801,29624986.00,"Vaccines, veterinary use, nes",none,silent_no_source,,0,2,3002300010;3002300090,2,,no,no official source reaches 199801
3002310000,imports,199507,199508,671805.00,"Vaccines against foot or mouth disease, veterinary use",none,silent_no_source,,0,77,3002100010;3002100021;3002100022;3002100023;3002100029;3002100030;3002100041;3002100042;3002100049;3002100051;3002100059;3002100060;3002100090;3002101010;3002101021;3002101022;3002101023;3002101029;3002101090;3002102110;3002102120;3002102190;3002102910;3002102990;3002110000;3002120011;3002120012;3002120013;3002120019;3002120021;3002120029;3002130000;3002140000;3002150000;3002190000;3002200010;3002200020;3002200030;3002200090;3002300010;3002300090;3002301000;3002309000;3002391000;3002399000;3002410010;3002410090;3002420010;3002420090;3002490010;3002490020;3002490090;3002510000;3002590000;3002900010;3002900011;3002900012;3002900019;3002900020;3002900030;3002900040;3002900050;3002900090;3002900091;3002900092;3002900093;3002900099;3002901010;3002901011;3002901019;3002901020;3002901030;3002901040;3002909010;3002909020;3002909030;3002909090,77,,no,no official source reaches 199508
3002391000,imports,199512,199601,74686051.00,"Vaccines nes, prepared for parenteral admin in animal; bovine intranasal vaccine",none,silent_no_source,,0,75,3002100010;3002100021;3002100022;3002100023;3002100029;3002100030;3002100041;3002100042;3002100049;3002100051;3002100059;3002100060;3002100090;3002101010;3002101021;3002101022;3002101023;3002101029;3002101090;3002102110;3002102120;3002102190;3002102910;3002102990;3002110000;3002120011;3002120012;3002120013;3002120019;3002120021;3002120029;3002130000;3002140000;3002150000;3002190000;3002200010;3002200020;3002200030;3002200090;3002300010;3002300090;3002301000;3002309000;3002410010;3002410090;3002420010;3002420090;3002490010;3002490020;3002490090;3002510000;3002590000;3002900010;3002900011;3002900012;3002900019;3002900020;3002900030;3002900040;3002900050;3002900090;3002900091;3002900092;3002900093;3002900099;3002901010;3002901011;3002901019;3002901020;3002901030;3002901040;3002909010;3002909020;3002909030;3002909090,75,,no,no official source reaches 199601
3002399000,imports,199512,199601,71013102.00,"Vaccines, veterinary use, nes",none,silent_no_source,,0,75,3002100010;3002100021;3002100022;3002100023;3002100029;3002100030;3002100041;3002100042;3002100049;3002100051;3002100059;3002100060;3002100090;3002101010;3002101021;3002101022;3002101023;3002101029;3002101090;3002102110;3002102120;3002102190;3002102910;3002102990;3002110000;3002120011;3002120012;3002120013;3002120019;3002120021;3002120029;3002130000;3002140000;3002150000;3002190000;3002200010;3002200020;3002200030;3002200090;3002300010;3002300090;3002301000;3002309000;3002410010;3002410090;3002420010;3002420090;3002490010;3002490020;3002490090;3002510000;3002590000;3002900010;3002900011;3002900012;3002900019;3002900020;3002900030;3002900040;3002900050;3002900090;3002900091;3002900092;3002900093;3002900099;3002901010;3002901011;3002901019;3002901020;3002901030;3002901040;3002909010;3002909020;3002909030;3002909090,75,,no,no official source reaches 199601
3002900010,imports,202112,202201,825580243.00,"Toxins, toxoids, antitoxins, viruses, bacteriophage and bacterial lysates",tariff_schedule,silent_no_effect,,0,5,3002490020;3002900020;3002900030;3002900040;3002900090,5,,yes,"the 2022 schedule holds every candidate, so it excludes none"
3002900011,imports,201609,201610,74680.00,Ricin,cbsa_concordance,decided,3002900010,1,12,3002900010,1,,yes,named by Canada's concordance at 201610
3002900012,imports,201610,201611,578.00,Saxitoxin,cbsa_concordance,decided,3002900010,1,11,3002900010,1,,yes,named by Canada's concordance at 201611
3002900019,imports,201612,201701,836383694.00,"Toxins, toxoids, antitoxins, viruses, bacteriophage and bacterial lysates, nes",cbsa_concordance,decided,3002900010,1,6,3002900010,1,,yes,named by Canada's concordance at 201701
3002900020,imports,201612,201701,17636239.00,Butter-making ferment cultures,cbsa_concordance,decided,3002900090,1,5,3002900090,1,,yes,named by Canada's concordance at 201701
3002900050,imports,202112,202201,257772832.00,Micro-organisms cultures,tariff_schedule,silent_no_effect,,0,5,3002490010;3002900020;3002900030;3002900040;3002900090,5,,yes,"the 2022 schedule holds every candidate, so it excludes none"
3002900091,imports,201612,201701,155366436.00,"Bacteria culture inoculants, for seeds",cbsa_concordance,decided,3002900090,1,6,3002900090,1,,yes,named by Canada's concordance at 201701
3002900092,imports,201612,201701,15524973.00,Whole human blood,cbsa_concordance,decided,3002900040,1,6,3002900040,1,,yes,named by Canada's concordance at 201701
3002900093,imports,201612,201701,1530127.00,Antiallergenic preparations of microbial origin,cbsa_concordance,decided,3002900090,1,6,3002900090,1,,yes,named by Canada's concordance at 201701
3002900099,imports,201612,201701,685125802.00,"Human blood;anml blood therap/prophltc/diag uses;toxins,micro-organisms cult,nes",cbsa_concordance,constrained,3002900050;3002900090,2,6,3002900050;3002900090,2,,yes,named by Canada's concordance at 201701
3002901010,imports,199612,199701,17090674.00,"Toxins, toxoids, antitoxins, viruses, bacteriophage and bacterial lysates",none,silent_no_source,,0,22,3002900010;3002900011;3002900012;3002900019;3002900020;3002900030;3002900040;3002900050;3002900090;3002900091;3002900092;3002900093;3002900099;3002901011;3002901019;3002901020;3002901030;3002901040;3002909010;3002909020;3002909030;3002909090,22,,no,no official source reaches 199701
3002901011,imports,199712,199801,33472.00,Ricin,none,silent_no_source,,0,13,3002900010;3002900011;3002900012;3002900019;3002900020;3002900030;3002900040;3002900050;3002900090;3002900091;3002900092;3002900093;3002900099,13,,no,no official source reaches 199801
3002901019,imports,199712,199801,6387863.00,"Toxins, toxoids, antitoxins, viruses, bacteriophage and bacterial lysates, nes",none,silent_no_source,,0,13,3002900010;3002900011;3002900012;3002900019;3002900020;3002900030;3002900040;3002900050;3002900090;3002900091;3002900092;3002900093;3002900099,13,,no,no official source reaches 199801
3002901020,imports,199712,199801,17995840.00,Ferment cultures,none,silent_no_source,,0,13,3002900010;3002900011;3002900012;3002900019;3002900020;3002900030;3002900040;3002900050;3002900090;3002900091;3002900092;3002900093;3002900099,13,,no,no official source reaches 199801
3002901030,imports,199712,199801,5096986.00,Dried blood of human origin,none,silent_no_source,,0,13,3002900010;3002900011;3002900012;3002900019;3002900020;3002900030;3002900040;3002900050;3002900090;3002900091;3002900092;3002900093;3002900099,13,,no,no official source reaches 199801
3002901040,imports,199712,199801,2070092.00,Dried blood of animal origin,none,silent_no_source,,0,13,3002900010;3002900011;3002900012;3002900019;3002900020;3002900030;3002900040;3002900050;3002900090;3002900091;3002900092;3002900093;3002900099,13,,no,no official source reaches 199801
3002909010,imports,199712,199801,30779871.00,Bacteria culture inoculants for seeds,none,silent_no_source,,0,13,3002900010;3002900011;3002900012;3002900019;3002900020;3002900030;3002900040;3002900050;3002900090;3002900091;3002900092;3002900093;3002900099,13,,no,no official source reaches 199801
3002909020,imports,199706,199707,1607419.00,Whole human blood,none,silent_no_source,,0,21,3002900010;3002900011;3002900012;3002900019;3002900020;3002900030;3002900040;3002900050;3002900090;3002900091;3002900092;3002900093;3002900099;3002901011;3002901019;3002901020;3002901030;3002901040;3002909010;3002909030;3002909090,21,,no,no official source reaches 199707
3002909030,imports,199709,199710,96578.00,Antiallergenic preparations of microbial origin,none,silent_no_source,,0,20,3002900010;3002900011;3002900012;3002900019;3002900020;3002900030;3002900040;3002900050;3002900090;3002900091;3002900092;3002900093;3002900099;3002901011;3002901019;3002901020;3002901030;3002901040;3002909010;3002909090,20,,no,no official source reaches 199710
3002909090,imports,199712,199801,69506433.00,"Human blood, animal blood for therap, prophltc or diag uses, microbial prep, nes",none,silent_no_source,,0,15,3002900010;3002900011;3002900012;3002900019;3002900020;3002900030;3002900040;3002900050;3002900090;3002900091;3002900092;3002900093;3002900099;3006200010;3006200090,15,,no,no official source reaches 199801
3003310000,imports,202603,202604,2797436.00,"Medicaments,cont insulin,mixed,not in doses/forms/pack/frs,o/t No 30.02/05/06",none,silent_no_source,,0,7,3003100000;3003200000;3003390000;3003410000;3003490000;3003900030;3003900090,7,,no,no official source reaches 202604
3003310010,imports,201108,201109,77748.00,"Insulin, prepared for parenteral administration in humans, in bulk",cbsa_concordance,decided,3003310000,1,2,3003310000,1,,yes,named by Canada's concordance at 201109
3003310090,imports,201112,201201,5331921.00,"Insulin, formulated, in bulk, nes",cbsa_concordance,decided,3003310000,1,1,3003310000,1,,yes,named by Canada's concordance at 201201
3003311000,imports,199710,199711,4350765.00,"Insulin, prepared for parenteral administration in humans, in bulk",none,silent_no_source,,0,4,3003310000;3003310010;3003310090;3003319900,4,,no,no official source reaches 199711
3003319100,imports,199005,199006,129843.00,"Insulin, cont more than 23% of absolute ethyl alcohol by volume, in bulk",none,silent_no_source,,0,5,3003310000;3003310010;3003310090;3003311000;3003319900,5,,no,no official source reaches 199006
3003319900,imports,199712,199801,3974845.00,"Insulin, formulated, in bulk, nes",none,silent_no_source,,0,3,3003310000;3003310010;3003310090,3,,no,no official source reaches 199801
3003390010,imports,201112,201201,4162382.00,"Epinephrine and its solutions, prepared for parenteral admin in humans, in bulk",cbsa_concordance,decided,3003390000,1,1,3003390000,1,,yes,named by Canada's concordance at 201201
3003390090,imports,201112,201201,151533683.00,"Hormones, nes, not containing antibiotics, in bulk, o/t contraceptives",cbsa_concordance,decided,3003390000,1,1,3003390000,1,,yes,named by Canada's concordance at 201201
3003391000,imports,199712,199801,724092.00,"Epinephrine & its solutions, prepared for parenteral admin in humans, in bulk",none,silent_no_source,,0,3,3003390000;3003390010;3003390090,3,,no,no official source reaches 199801
3003399100,imports,199707,199708,10184.00,"Hormones, containing more than 23% of absolute ethyl alcohol by volume, in bulk",none,silent_no_source,,0,5,3003390000;3003390010;3003390090;3003391000;3003399900,5,,no,no official source reaches 199708
3003399900,imports,199712,199801,41099945.00,"Hormones, nes, not cont antibiotics, in bulk, o/t contraceptives",none,silent_no_source,,0,3,3003390000;3003390010;3003390090,3,,no,no official source reaches 199801
3003400000,imports,201612,201701,112415829.00,"Alkaloids or their derivs, formulated, not cont antibiotics/hormones, in bulk",cbsa_concordance,constrained,3003410000;3003420000;3003430000;3003490000,4,11,3003410000;3003420000;3003430000;3003490000,4,,yes,named by Canada's concordance at 201701
3003401000,imports,199308,199309,12838.00,"Alkaloids or their derivs, cont more than 23% of absol ethyl alc by vol, in bulk",none,silent_no_source,,0,2,3003400000;3003409000,2,,no,no official source reaches 199309
3003409000,imports,199712,199801,3954586.00,"Alkaloids or their derivs, formltd, not cont antibiotics or horm, in bulk, nes",none,silent_no_source,,0,1,3003400000,1,,no,no official source reaches 199801
3003410000,imports,202605,202606,14190.00,"Medicaments,cont ephedrin/salts,mix,therap/prophltc uses,nfrs,o/t No 30.02/05/06",none,silent_no_source,,0,6,3003100000;3003200000;3003390000;3003490000;3003900030;3003900090,6,,no,no official source reaches 202606
3003420000,imports,202401,202402,193.00,"Medicaments,cont pseudoephedrine/sa,mix,therap/prophltc,nfrs,o/t No 30.02/05/06",tariff_schedule,silent_no_effect,,0,10,3003100000;3003200000;3003310000;3003390000;3003410000;3003430000;3003490000;3003600000;3003900030;3003900090,10,,no,"the 2024 schedule holds every candidate, so it excludes none"
3003430000,imports,202506,202507,21630.00,"Medicaments,cont norephedrine/salts,mix,therap/prophltc,nfrs,o/t No 30.02/05/06",tariff_schedule,silent_no_effect,,0,9,3003100000;3003200000;3003310000;3003390000;3003410000;3003490000;3003600000;3003900030;3003900090,9,,no,"the 2025 schedule holds every candidate, so it excludes none"
3003600000,imports,202508,202509,786374.00,"Medicaments,cont antimalarial active principles,mixed,nfrs,o/t No 30.02/05/06",tariff_schedule,silent_no_effect,,0,8,3003100000;3003200000;3003310000;3003390000;3003410000;3003490000;3003900030;3003900090,8,,no,"the 2025 schedule holds every candidate, so it excludes none"
3003900010,imports,201112,201201,8239452.00,"Fractioned soya oil emulsions, prepr for parenteral admin; mx of amino acids,etc",cbsa_concordance,decided,3003900090,1,2,3003900090,1,,yes,named by Canada's concordance at 201201
3003900020,imports,201112,201201,1506308.00,"Medicaments, nes, cont more than 23% of absolute ethyl alcohol by volume,in bulk",cbsa_concordance,decided,3003900090,1,2,3003900090,1,,yes,named by Canada's concordance at 201201
3003900091,imports,201112,201201,71952532.00,"Medicaments containing acetaminophen, in bulk",cbsa_concordance,decided,3003900030,1,2,3003900030,1,,yes,named by Canada's concordance at 201201
3003900099,imports,201112,201201,1694115004.00,"Medicaments, nes, formulated, in bulk",cbsa_concordance,decided,3003900090,1,2,3003900090,1,,yes,named by Canada's concordance at 201201
3003901000,imports,199712,199801,11827021.00,"Fractioned soya oil emulsions, prepr for parenteral admin; mx of amino acids,etc",none,silent_no_source,,0,6,3003900010;3003900020;3003900030;3003900090;3003900091;3003900099,6,,no,no official source reaches 199801
3003909100,imports,199712,199801,621683.00,"Medicaments, nes, cont more than 23% of absolute ethyl alcohol by volume,in bulk",none,silent_no_source,,0,6,3003900010;3003900020;3003900030;3003900090;3003900091;3003900099,6,,no,no official source reaches 199801
3003909900,imports,199412,199501,158198908.00,"Medicaments, nes, formulated, in bulk",none,silent_no_source,,0,10,3003900010;3003900020;3003900030;3003900090;3003900091;3003900099;3003901000;3003909100;3003909910;3003909990,10,,no,no official source reaches 199501
3003909910,imports,199712,199801,10818930.00,"Medicaments containing acetaminophen, in bulk",none,silent_no_source,,0,6,3003900010;3003900020;3003900030;3003900090;3003900091;3003900099,6,,no,no official source reaches 199801
3003909990,imports,199712,199801,229173341.00,"Medicaments nes, formulated, in bulk",none,silent_no_source,,0,6,3003900010;3003900020;3003900030;3003900090;3003900091;3003900099,6,,no,no official source reaches 199801
3004100011,imports,201112,201201,9924685.00,"Penicillin G sodium, for human use, in dosage",cbsa_concordance,decided,3004100010,1,2,3004100010,1,,yes,named by Canada's concordance at 201201
3004100012,imports,201111,201112,700053.00,"Penicillin V, for human use, in dosage",cbsa_concordance,decided,3004100010,1,8,3004100010,1,,yes,named by Canada's concordance at 201112
3004100013,imports,201112,201201,23568551.00,"Amoxycillin, for human use, in dosage",cbsa_concordance,decided,3004100010,1,2,3004100010,1,,yes,named by Canada's concordance at 201201
3004100014,imports,199112,199201,9591808.00,"Amoxycillin for human use, in dosage",none,silent_no_source,,0,9,3004100010;3004100011;3004100012;3004100013;3004100019;3004100020;3004100031;3004100032;3004100090,9,,no,no official source reaches 199201
3004100019,imports,201112,201201,488231929.00,"Penicillins or their derivatives, nes, for human use, in dosage",cbsa_concordance,decided,3004100010,1,2,3004100010,1,,yes,named by Canada's concordance at 201201
3004100020,imports,201112,201201,20420808.00,"Streptomycins or their derivatives, for human use, in dosage",cbsa_concordance,decided,3004100010,1,2,3004100010,1,,yes,named by Canada's concordance at 201201
3004100031,imports,201112,201201,95284642.00,"Penicillins or their derivatives, for veterinary use, in dosage",cbsa_concordance,decided,3004100090,1,2,3004100090,1,,yes,named by Canada's concordance at 201201
3004100032,imports,201112,201201,50412716.00,"Streptomycins or their derivatives, for veterinary use, in dosage",cbsa_concordance,decided,3004100090,1,2,3004100090,1,,yes,named by Canada's concordance at 201201
3004200010,imports,201112,201201,47992503.00,"Tetracyclines or their derivatives, for human use, in dosage",cbsa_concordance,decided,3004200019,1,7,3004200019,1,,yes,named by Canada's concordance at 201201
3004200020,imports,201112,201201,952412146.00,"Cephalosporins, for human use, in dosage",cbsa_concordance,decided,3004200011,1,7,3004200011,1,,yes,named by Canada's concordance at 201201
3004200031,imports,201112,201201,217132160.00,"Erythromycin, for human use, in dosage",cbsa_concordance,decided,3004200013,1,7,3004200013,1,,yes,named by Canada's concordance at 201201
3004200039,imports,201112,201201,363544547.00,"Macrolide antibiotics, nes, for human use, in dosage",cbsa_concordance,decided,3004200018,1,7,3004200018,1,,yes,named by Canada's concordance at 201201
3004200041,imports,201112,201201,23415016.00,"Gentamycins, for human use, in dosage",cbsa_concordance,decided,3004200019,1,7,3004200019,1,,yes,named by Canada's concordance at 201201
3004200042,imports,199007,199008,4757.00,"Kanamycins, for human use, in dosage",none,silent_no_source,,0,24,3004200010;3004200011;3004200012;3004200013;3004200018;3004200019;3004200020;3004200031;3004200039;3004200041;3004200049;3004200051;3004200052;3004200059;3004200061;3004200062;3004200063;3004200064;3004200066;3004200069;3004200071;3004200079;3004200080;3004200090,24,,no,no official source reaches 199008
3004200049,imports,201112,201201,86823169.00,"Aminoglycoside antibiotics, nes, for human use, in dosage",cbsa_concordance,decided,3004200019,1,7,3004200019,1,,yes,named by Canada's concordance at 201201
3004200051,imports,201112,201201,11061879.00,"Bacitracin, for human use, in dosage",cbsa_concordance,decided,3004200019,1,7,3004200019,1,,yes,named by Canada's concordance at 201201
3004200052,imports,199611,199612,1094147.00,"Polymyxins, for human use, in dosage",none,silent_no_source,,0,21,3004200010;3004200011;3004200012;3004200013;3004200018;3004200019;3004200020;3004200031;3004200039;3004200041;3004200049;3004200051;3004200059;3004200061;3004200062;3004200063;3004200069;3004200071;3004200079;3004200080;3004200090,21,,no,no official source reaches 199612
3004200059,imports,201112,201201,214979963.00,"Polypeptides antibiotics, nes, for human use, in dosage",cbsa_concordance,decided,3004200019,1,7,3004200019,1,,yes,named by Canada's concordance at 201201
3004200061,imports,201110,201111,2971734.00,"Chloramphenicol, for human use, in dosage",cbsa_concordance,decided,3004200019,1,19,3004200019,1,,yes,named by Canada's concordance at 201111
3004200062,imports,201110,201111,11650860.00,"Mitomycin C, for human use, in dosage",cbsa_concordance,decided,3004200019,1,19,3004200019,1,,yes,named by Canada's concordance at 201111
3004200063,imports,201112,201201,142830549.00,"Vancomycin, for human use, in dosage",cbsa_concordance,decided,3004200012,1,7,3004200012,1,,yes,named by Canada's concordance at 201201
3004200064,imports,199112,199201,510594.00,"Lincomycin, for human use, in dosage",none,silent_no_source,,0,22,3004200010;3004200011;3004200012;3004200013;3004200018;3004200019;3004200020;3004200031;3004200039;3004200041;3004200049;3004200051;3004200052;3004200059;3004200061;3004200062;3004200063;3004200069;3004200071;3004200079;3004200080;3004200090,22,,no,no official source reaches 199201
3004200065,imports,198904,198905,128029.00,"Lincomycin, for human use, in dosage",none,silent_no_source,,0,25,3004200010;3004200011;3004200012;3004200013;3004200018;3004200019;3004200020;3004200031;3004200039;3004200041;3004200042;3004200049;3004200051;3004200052;3004200059;3004200061;3004200062;3004200063;3004200064;3004200066;3004200069;3004200071;3004200079;3004200080;3004200090,25,,no,no official source reaches 198905
3004200066,imports,199101,199102,185394.00,"Spectinomycin, for human use, in dosage",none,silent_no_source,,0,23,3004200010;3004200011;3004200012;3004200013;3004200018;3004200019;3004200020;3004200031;3004200039;3004200041;3004200049;3004200051;3004200052;3004200059;3004200061;3004200062;3004200063;3004200064;3004200069;3004200071;3004200079;3004200080;3004200090,23,,no,no official source reaches 199102
3004200069,imports,201112,201201,2133828374.00,"Antibiotics, nes, for human use, in dosage",cbsa_concordance,decided,3004200019,1,7,3004200019,1,,yes,named by Canada's concordance at 201201
3004200070,imports,198812,198901,4291483.00,"Antibiotics, nes, for vet use, in dosage",none,silent_no_source,,0,26,3004200010;3004200011;3004200012;3004200013;3004200018;3004200019;3004200020;3004200031;3004200039;3004200041;3004200042;3004200049;3004200051;3004200052;3004200059;3004200061;3004200062;3004200063;3004200064;3004200065;3004200066;3004200069;3004200071;3004200079;3004200080;3004200090,26,,no,no official source reaches 198901
3004200071,imports,201112,201201,347629609.00,"Ivermectin, for veterinary use, in dosage",cbsa_concordance,decided,3004200080,1,7,3004200080,1,,yes,named by Canada's concordance at 201201
3004200079,imports,201112,201201,741387848.00,"Antibiotics, nes, for veterinary use, in dosage",cbsa_concordance,decided,3004200090,1,7,3004200090,1,,yes,named by Canada's concordance at 201201
3004310010,imports,201112,201201,1770683777.00,"Insulin, w/n mixed w zinc,globin or protamine, prepr for parentl admin,in dosage",cbsa_concordance,decided,3004310000,1,1,3004310000,1,,yes,named by Canada's concordance at 201201
3004310090,imports,201112,201201,7272310.00,"Insulin, nes, for human use, in dosage",cbsa_concordance,decided,3004310000,1,1,3004310000,1,,yes,named by Canada's concordance at 201201
3004311000,imports,199712,199801,266955474.00,"Insulin, w/n mixed w zinc, globin or protamine, prepr for parentl admin, in dos",none,silent_no_source,,0,3,3004310000;3004310010;3004310090,3,,no,no official source reaches 199801
3004319900,imports,199712,199801,1727839.00,"Insulin, nes, for human use, in dosage",none,silent_no_source,,0,3,3004310000;3004310010;3004310090,3,,no,no official source reaches 199801
3004320010,imports,200112,200201,929148.00,"Adrenal cortical horm, cont more than 23% of abs ethyl alc by vol, in dosage",none,silent_no_source,,0,4,3004320000;3004320011;3004320019;3004320020,4,,yes,no official source reaches 200201
3004320011,imports,201112,201201,30740274.00,"Hydrocortisone, for human use, in dosage",cbsa_concordance,decided,3004320000,1,1,3004320000,1,,yes,named by Canada's concordance at 201201
3004320019,imports,201112,201201,578742262.00,"Medicaments containing corticosteroid hormones, for human use, nes",cbsa_concordance,decided,3004320000,1,1,3004320000,1,,yes,named by Canada's concordance at 201201
3004320020,imports,201112,201201,13895452.00,"Corticosteriod hormones, for veterinary use, in dosage",cbsa_concordance,decided,3004320000,1,1,3004320000,1,,yes,named by Canada's concordance at 201201
3004320081,imports,200112,200201,10422499.00,"Hydrocortisone, for human use, in dosage",none,silent_no_source,,0,4,3004320000;3004320011;3004320019;3004320020,4,,yes,no official source reaches 200201
3004320082,imports,200111,200112,25.00,"Betamethasone, for human use, in dosage",none,silent_no_source,,0,8,3004320000;3004320010;3004320011;3004320019;3004320020;3004320081;3004320089;3004320090,8,,yes,no official source reaches 200112
3004320089,imports,200112,200201,128397239.00,"Adrenal cortical hormones, nes, for human use, in dosage",none,silent_no_source,,0,4,3004320000;3004320011;3004320019;3004320020,4,,yes,no official source reaches 200201
3004320090,imports,200112,200201,38149408.00,"Adrenal cortical hormones, for vet use, in dosage",none,silent_no_source,,0,4,3004320000;3004320011;3004320019;3004320020,4,,yes,no official source reaches 200201
3004321000,imports,199712,199801,1805132.00,"Adrenal cortical horm, cont more than 23% of abs ethyl alc by vol, in dosage",none,silent_no_source,,0,9,3004320000;3004320010;3004320011;3004320019;3004320020;3004320081;3004320082;3004320089;3004320090,9,,no,no official source reaches 199801
3004329011,imports,199712,199801,23749181.00,"Hydrocortisone, for human use, in dosage",none,silent_no_source,,0,9,3004320000;3004320010;3004320011;3004320019;3004320020;3004320081;3004320082;3004320089;3004320090,9,,no,no official source reaches 199801
3004329012,imports,199706,199707,1190222.00,"Betamethasone, for human use, in dosage",none,silent_no_source,,0,13,3004320000;3004320010;3004320011;3004320019;3004320020;3004320081;3004320082;3004320089;3004320090;3004321000;3004329011;3004329019;3004329020,13,,no,no official source reaches 199707
3004329019,imports,199712,199801,195552129.00,"Adrenal cortical hormones, nes, for human use, in dosage",none,silent_no_source,,0,9,3004320000;3004320010;3004320011;3004320019;3004320020;3004320081;3004320082;3004320089;3004320090,9,,no,no official source reaches 199801
3004329020,imports,199712,199801,9284228.00,"Adrenal cortical hormones, for vet use, in dosage",none,silent_no_source,,0,9,3004320000;3004320010;3004320011;3004320019;3004320020;3004320081;3004320082;3004320089;3004320090,9,,no,no official source reaches 199801
3004390010,imports,201112,201201,220635457.00,"Epinephrine & its sol & pituitary extrc, prepr for parentl admin in hum, in dos",cbsa_concordance,constrained,3004390011;3004390019;3004390090,3,5,3004390011;3004390019;3004390090,3,,yes,named by Canada's concordance at 201201
3004390012,imports,202605,202606,184895196.00,"Medi,cont anterior pituitary hormones,f human,doses/pack frs,o/t No 30.02/05/06",none,silent_no_source,,0,4,3004390011;3004390013;3004390019;3004390090,4,,no,no official source reaches 202606
3004390081,imports,201112,201201,199276643.00,"Anterior pituitary hormones, for human use, in dosage",cbsa_concordance,decided,3004390012,1,5,3004390012,1,,yes,named by Canada's concordance at 201201
3004390082,imports,201112,201201,19967091.00,"Posterior pituitary hormones, for human use, in dosage",cbsa_concordance,decided,3004390019,1,5,3004390019,1,,yes,named by Canada's concordance at 201201
3004390083,imports,201112,201201,416139189.00,"Unmixed single estrogens, for human use, in dosage",cbsa_concordance,decided,3004390013,1,5,3004390013,1,,yes,named by Canada's concordance at 201201
3004390084,imports,201112,201201,34360926.00,"Unmixed single progestational hormones, for human use, in dosage",cbsa_concordance,decided,3004390019,1,5,3004390019,1,,yes,named by Canada's concordance at 201201
3004390085,imports,201112,201201,3103568844.00,"Hormones, nes, for human use, in dosage",cbsa_concordance,decided,3004390019,1,5,3004390019,1,,yes,named by Canada's concordance at 201201
3004391000,imports,199712,199801,28343955.00,"Epinephrine & its sol & pituitary extrc, prepr for parentl admin in hum, in dos",none,silent_no_source,,0,11,3004390010;3004390011;3004390012;3004390013;3004390019;3004390081;3004390082;3004390083;3004390084;3004390085;3004390090,11,,no,no official source reaches 199801
3004399100,imports,199709,199710,288996.00,"Hormones, nes, cont more than 23% of abs ethy alc by vol, in dosage",none,silent_no_source,,0,18,3004390010;3004390011;3004390012;3004390013;3004390019;3004390081;3004390082;3004390083;3004390084;3004390085;3004390090;3004391000;3004399910;3004399920;3004399930;3004399940;3004399950;3004399960,18,,no,no official source reaches 199710
3004399910,imports,199712,199801,97455853.00,"Anterior pituitary hormones, for human use, in dosage",none,silent_no_source,,0,11,3004390010;3004390011;3004390012;3004390013;3004390019;3004390081;3004390082;3004390083;3004390084;3004390085;3004390090,11,,no,no official source reaches 199801
3004399920,imports,199712,199801,1779924.00,"Posterior pituitary hormones, for human use, in dosage",none,silent_no_source,,0,11,3004390010;3004390011;3004390012;3004390013;3004390019;3004390081;3004390082;3004390083;3004390084;3004390085;3004390090,11,,no,no official source reaches 199801
3004399930,imports,199712,199801,125015221.00,"Unmixed single estrogens, for human use, in dosage",none,silent_no_source,,0,11,3004390010;3004390011;3004390012;3004390013;3004390019;3004390081;3004390082;3004390083;3004390084;3004390085;3004390090,11,,no,no official source reaches 199801
3004399940,imports,199711,199712,29990842.00,"Unmixed single progestational hormones, for human use, in dosage",none,silent_no_source,,0,17,3004390010;3004390011;3004390012;3004390013;3004390019;3004390081;3004390082;3004390083;3004390084;3004390085;3004390090;3004391000;3004399910;3004399920;3004399930;3004399950;3004399960,17,,no,no official source reaches 199712
3004399950,imports,199712,199801,313061021.00,"Hormones, nes, for human use, in dosage",none,silent_no_source,,0,11,3004390010;3004390011;3004390012;3004390013;3004390019;3004390081;3004390082;3004390083;3004390084;3004390085;3004390090,11,,no,no official source reaches 199801
3004399960,imports,199712,199801,39767037.00,"Hormones, nes, for vet use, in dosage",none,silent_no_source,,0,11,3004390010;3004390011;3004390012;3004390013;3004390019;3004390081;3004390082;3004390083;3004390084;3004390085;3004390090,11,,no,no official source reaches 199801
3004400010,imports,201112,201201,125087424.00,"Codeine or its derivatives, for human use, in dosage",cbsa_concordance,decided,3004400090,1,3,3004400090,1,,yes,named by Canada's concordance at 201201
3004400020,imports,201112,201201,17487958.00,"Vincristine, for human use, in dosage",cbsa_concordance,decided,3004400090,1,3,3004400090,1,,yes,named by Canada's concordance at 201201
3004400030,imports,201612,201701,101935277.00,"Theophylline, for human use, in dosage",cbsa_concordance,decided,3004490090,1,61,3004490090,1,,yes,named by Canada's concordance at 201701
3004400040,imports,201612,201701,1572159979.00,"Morphine or its derivatives, for human use, in dosage",cbsa_concordance,decided,3004490010,1,61,3004490010,1,,yes,named by Canada's concordance at 201701
3004400050,imports,201112,201201,6586271.00,"Aminophylline, for human use, in dosage",cbsa_concordance,decided,3004400090,1,3,3004400090,1,,yes,named by Canada's concordance at 201201
3004400080,imports,201112,201201,47146103.00,"Narcotic veg alkaloids or their narc derivs, nes, for human use, in dosage",cbsa_concordance,decided,3004400090,1,3,3004400090,1,,yes,named by Canada's concordance at 201201
3004400090,imports,201612,201701,584366588.00,"Non-narc veg alkaloids or their non-narc derivatives,nes,for human use,in dosage",cbsa_concordance,constrained,3004410000;3004420000;3004430000;3004490090,4,61,3004410000;3004420000;3004430000;3004490090,4,,yes,named by Canada's concordance at 201701
3004401000,imports,199712,199801,207577.00,"Alkaloids or their derivs, cont more than 23% of abs ethyl alc by vol, in dosage",none,silent_no_source,,0,8,3003400000;3004400010;3004400020;3004400030;3004400040;3004400050;3004400080;3004400090,8,,no,no official source reaches 199801
3004409011,imports,199612,199701,111515.00,"Codeine phosphate, for human use, in dosage",none,silent_no_source,,0,16,3004400010;3004400020;3004400030;3004400040;3004400050;3004400080;3004400090;3004401000;3004409019;3004409020;3004409030;3004409040;3004409050;3004409070;3004409080;3004409090,16,,no,no official source reaches 199701
3004409019,imports,199712,199801,10263737.00,"Codeine or its derivs nes, for human use, in dosage",none,silent_no_source,,0,7,3004400010;3004400020;3004400030;3004400040;3004400050;3004400080;3004400090,7,,no,no official source reaches 199801
3004409020,imports,199707,199708,4869341.00,"Quinidine sulphate, for human use, in dosage",none,silent_no_source,,0,15,3004400010;3004400020;3004400030;3004400040;3004400050;3004400080;3004400090;3004401000;3004409019;3004409030;3004409040;3004409050;3004409070;3004409080;3004409090,15,,no,no official source reaches 199708
3004409030,imports,199711,199712,2496656.00,"Vincristine, for human use, in dosage",none,silent_no_source,,0,13,3004400010;3004400020;3004400030;3004400040;3004400050;3004400080;3004400090;3004401000;3004409019;3004409050;3004409070;3004409080;3004409090,13,,no,no official source reaches 199712
3004409040,imports,199711,199712,9473686.00,"Theophylline, for human use, in dosage",none,silent_no_source,,0,13,3004400010;3004400020;3004400030;3004400040;3004400050;3004400080;3004400090;3004401000;3004409019;3004409050;3004409070;3004409080;3004409090,13,,no,no official source reaches 199712
3004409050,imports,199712,199801,41902526.00,"Morphine or its derivs, for human use, in dosage",none,silent_no_source,,0,7,3004400010;3004400020;3004400030;3004400040;3004400050;3004400080;3004400090,7,,no,no official source reaches 199801
3004409060,imports,199403,199404,217467.00,"Cocaine or its derivs, for human use, in dosage",none,silent_no_source,,0,17,3004400010;3004400020;3004400030;3004400040;3004400050;3004400080;3004400090;3004401000;3004409011;3004409019;3004409020;3004409030;3004409040;3004409050;3004409070;3004409080;3004409090,17,,no,no official source reaches 199404
3004409070,imports,199712,199801,1778947.00,"Aminophylline, for human use, in dosage",none,silent_no_source,,0,7,3004400010;3004400020;3004400030;3004400040;3004400050;3004400080;3004400090,7,,no,no official source reaches 199801
3004409080,imports,199712,199801,22494169.00,"Narcotic veg alkaloids or their narc derivs, nes, for human use, in dosage",none,silent_no_source,,0,7,3004400010;3004400020;3004400030;3004400040;3004400050;3004400080;3004400090,7,,no,no official source reaches 199801
3004409090,imports,199712,199801,172848913.00,"Non-narc veg alkaloids or their non-narc derivs, nes, for human use, in dosage",none,silent_no_source,,0,7,3004400010;3004400020;3004400030;3004400040;3004400050;3004400080;3004400090,7,,no,no official source reaches 199801
3004410000,imports,202605,202606,8250035.00,"Medicaments,cont ephedrin/salts,therap/prophltc,in doses/frs,o/t No 30.02/05/06",none,silent_no_source,,0,52,3004100010;3004100090;3004200011;3004200012;3004200013;3004200018;3004200019;3004200080;3004200090;3004310000;3004320000;3004390011;3004390013;3004390019;3004390090;3004420000;3004430000;3004490010;3004490090;3004500011;3004500012;3004500014;3004500019;3004500090;3004600000;3004900011;3004900012;3004900019;3004900021;3004900022;3004900023;3004900024;3004900025;3004900026;3004900027;3004900029;3004900042;3004900043;3004900049;3004900050;3004900061;3004900069;3004900071;3004900072;3004900073;3004900074;3004900075;3004900076;3004900077;3004900078;3004900079;3004900090,52,,no,no official source reaches 202606
3004500010,imports,201112,201201,37019078.00,"Mx of amino acids & vitamins,& mx of amino acids, protein hydrolysates & vit,etc",cbsa_concordance,decided,3004500019,1,6,3004500019,1,,yes,named by Canada's concordance at 201201
3004500013,imports,201612,201701,20568179.00,"Medicaments cont multivitamins not mixed with other suppl,for hum use,in dosage",cbsa_concordance,decided,3004500019,1,5,3004500019,1,,yes,named by Canada's concordance at 201701
3004500020,imports,201112,201201,7548977.00,"Vitamins, cont more than 23% of abs ethyl alc by vol, for human use, in dosage",cbsa_concordance,constrained,3004500019;3004500090,2,6,3004500019;3004500090,2,,yes,named by Canada's concordance at 201201
3004500031,imports,201112,201201,25564446.00,"Vitamin C only, for human use, in dosage",cbsa_concordance,decided,3004500011,1,6,3004500011,1,,yes,named by Canada's concordance at 201201
3004500032,imports,201112,201201,50770658.00,"Vitamin E only, for human use, in dosage",cbsa_concordance,decided,3004500011,1,6,3004500011,1,,yes,named by Canada's concordance at 201201
3004500039,imports,201112,201201,165618033.00,"Single vitamin only, nes, for human use, in dosage",cbsa_concordance,decided,3004500011,1,6,3004500011,1,,yes,named by Canada's concordance at 201201
3004500040,imports,201112,201201,121157561.00,"Single vitamin mixed w other supplements, for human use, in dosage",cbsa_concordance,decided,3004500012,1,6,3004500012,1,,yes,named by Canada's concordance at 201201
3004500050,imports,201112,201201,62436289.00,"Multivitamins not mixed with other supplements, for human use, in dosage",cbsa_concordance,decided,3004500013,1,6,3004500013,1,,yes,named by Canada's concordance at 201201
3004500061,imports,201112,201201,60566515.00,"Vitamins-iron preparation, for human use, in dosage",cbsa_concordance,decided,3004500014,1,6,3004500014,1,,yes,named by Canada's concordance at 201201
3004500069,imports,201112,201201,602021188.00,"Multivitamins mixed with other supplements, nes, for human use, in dosage",cbsa_concordance,decided,3004500014,1,6,3004500014,1,,yes,named by Canada's concordance at 201201
3004500070,imports,201112,201201,48205931.00,"Vitamins & their derivatives, nes, for veterinary use, in dosage",cbsa_concordance,decided,3004500090,1,6,3004500090,1,,yes,named by Canada's concordance at 201201
3004501000,imports,199712,199801,29913272.00,"Mx of amino acids & vitamins,& mx of amino acids, protein hydrolysates & vit,etc",none,silent_no_source,,0,16,3004500010;3004500011;3004500012;3004500013;3004500014;3004500019;3004500020;3004500031;3004500032;3004500039;3004500040;3004500050;3004500061;3004500069;3004500070;3004500090,16,,no,no official source reaches 199801
3004509100,imports,199706,199707,405203.00,"Vitamins, cont more than 23% of abs ethyl alc by vol, for human use, in dosage",none,silent_no_source,,0,25,3004500010;3004500011;3004500012;3004500013;3004500014;3004500019;3004500020;3004500031;3004500032;3004500039;3004500040;3004500050;3004500061;3004500069;3004500070;3004500090;3004501000;3004509911;3004509912;3004509919;3004509920;3004509930;3004509941;3004509949;3004509950,25,,no,no official source reaches 199707
3004509911,imports,199712,199801,34612678.00,"Vitamin C only, for human use, in dosage",none,silent_no_source,,0,16,3004500010;3004500011;3004500012;3004500013;3004500014;3004500019;3004500020;3004500031;3004500032;3004500039;3004500040;3004500050;3004500061;3004500069;3004500070;3004500090,16,,no,no official source reaches 199801
3004509912,imports,199712,199801,20986151.00,"Vitamin E only, for human use, in dosage",none,silent_no_source,,0,16,3004500010;3004500011;3004500012;3004500013;3004500014;3004500019;3004500020;3004500031;3004500032;3004500039;3004500040;3004500050;3004500061;3004500069;3004500070;3004500090,16,,no,no official source reaches 199801
3004509919,imports,199712,199801,70973832.00,"Single vitamin only, nes, for human use, in dosage",none,silent_no_source,,0,16,3004500010;3004500011;3004500012;3004500013;3004500014;3004500019;3004500020;3004500031;3004500032;3004500039;3004500040;3004500050;3004500061;3004500069;3004500070;3004500090,16,,no,no official source reaches 199801
3004509920,imports,199712,199801,18411892.00,"Single vitamin mixed w o supplements, for human use, in dosage",none,silent_no_source,,0,16,3004500010;3004500011;3004500012;3004500013;3004500014;3004500019;3004500020;3004500031;3004500032;3004500039;3004500040;3004500050;3004500061;3004500069;3004500070;3004500090,16,,no,no official source reaches 199801
3004509921,imports,198912,199001,1445854.00,"Vitamins-iron preparation, for human use, in dosage",none,silent_no_source,,0,26,3004500010;3004500011;3004500012;3004500013;3004500014;3004500019;3004500020;3004500031;3004500032;3004500039;3004500040;3004500050;3004500061;3004500069;3004500070;3004500090;3004501000;3004509100;3004509911;3004509912;3004509919;3004509920;3004509930;3004509941;3004509949;3004509950,26,,no,no official source reaches 199001
3004509922,imports,198912,199001,11347774.00,"Multivitamins not mixed with o supplements, for human use, in dosage",none,silent_no_source,,0,26,3004500010;3004500011;3004500012;3004500013;3004500014;3004500019;3004500020;3004500031;3004500032;3004500039;3004500040;3004500050;3004500061;3004500069;3004500070;3004500090;3004501000;3004509100;3004509911;3004509912;3004509919;3004509920;3004509930;3004509941;3004509949;3004509950,26,,no,no official source reaches 199001
3004509929,imports,198912,199001,11260315.00,"Multivitamins mixed with other supplements, nes, for human use, in dosage",none,silent_no_source,,0,26,3004500010;3004500011;3004500012;3004500013;3004500014;3004500019;3004500020;3004500031;3004500032;3004500039;3004500040;3004500050;3004500061;3004500069;3004500070;3004500090;3004501000;3004509100;3004509911;3004509912;3004509919;3004509920;3004509930;3004509941;3004509949;3004509950,26,,no,no official source reaches 199001
3004509930,imports,198912,199001,1124520.00,"Vitamins & their derivs,nes,for vet use, in dosage",none,silent_no_source,,0,25,3004500010;3004500011;3004500012;3004500013;3004500014;3004500019;3004500020;3004500031;3004500032;3004500039;3004500040;3004500050;3004500061;3004500069;3004500070;3004500090;3004501000;3004509100;3004509911;3004509912;3004509919;3004509920;3004509941;3004509949;3004509950,25,,no,no official source reaches 199001
3004509930,imports,199712,199801,55679911.00,"Multivitamins not mixed with o supplements, for human use, in dosage",none,silent_no_source,,0,16,3004500010;3004500011;3004500012;3004500013;3004500014;3004500019;3004500020;3004500031;3004500032;3004500039;3004500040;3004500050;3004500061;3004500069;3004500070;3004500090,16,,no,no official source reaches 199801
3004509941,imports,199712,199801,15830543.00,"Vitamins-iron preparation, for human use, in dosage",none,silent_no_source,,0,16,3004500010;3004500011;3004500012;3004500013;3004500014;3004500019;3004500020;3004500031;3004500032;3004500039;3004500040;3004500050;3004500061;3004500069;3004500070;3004500090,16,,no,no official source reaches 199801
3004509949,imports,199712,199801,121058460.00,"Multivitamins mixed with other supplements, nes, for human use, in dosage,",none,silent_no_source,,0,16,3004500010;3004500011;3004500012;3004500013;3004500014;3004500019;3004500020;3004500031;3004500032;3004500039;3004500040;3004500050;3004500061;3004500069;3004500070;3004500090,16,,no,no official source reaches 199801
3004509950,imports,199712,199801,3851408.00,"Vitamins & their derivs, nes, for vet use, in dosage",none,silent_no_source,,0,16,3004500010;3004500011;3004500012;3004500013;3004500014;3004500019;3004500020;3004500031;3004500032;3004500039;3004500040;3004500050;3004500061;3004500069;3004500070;3004500090,16,,no,no official source reaches 199801
3004900020,imports,201112,201201,21555796.00,"Medicaments cont more than 23% of abs ethyl alc by vol, nes, in dosage",cbsa_concordance,constrained,3004900079;3004900090,2,34,3004900079;3004900090,2,,yes,named by Canada's concordance at 201201
3004900031,imports,201712,201801,2089844029.00,"Analgesics, for human use, in doses/packings for retail sale, o/t No 30.02/05/06",tariff_schedule,silent_no_effect,,0,27,3004900011;3004900012;3004900019;3004900021;3004900022;3004900023;3004900024;3004900025;3004900026;3004900027;3004900029;3004900042;3004900043;3004900049;3004900050;3004900061;3004900069;3004900071;3004900072;3004900073;3004900074;3004900075;3004900076;3004900077;3004900078;3004900079;3004900090,27,,no,"the 2018 schedule holds every candidate, so it excludes none"
3004900032,imports,201712,201801,6525417842.00,"Antidepressants & tranquilizers,f human use,in doses/pack frs,o/t No 30.02/05/06",tariff_schedule,silent_no_effect,,0,27,3004900011;3004900012;3004900019;3004900021;3004900022;3004900023;3004900024;3004900025;3004900026;3004900027;3004900029;3004900042;3004900043;3004900049;3004900050;3004900061;3004900069;3004900071;3004900072;3004900073;3004900074;3004900075;3004900076;3004900077;3004900078;3004900079;3004900090,27,,no,"the 2018 schedule holds every candidate, so it excludes none"
3004900033,imports,201712,201801,2694917989.00,"Antihypertensive agents, for human use, in doses/packings frs,o/t No 30.02/05/06",tariff_schedule,silent_no_effect,,0,27,3004900011;3004900012;3004900019;3004900021;3004900022;3004900023;3004900024;3004900025;3004900026;3004900027;3004900029;3004900042;3004900043;3004900049;3004900050;3004900061;3004900069;3004900071;3004900072;3004900073;3004900074;3004900075;3004900076;3004900077;3004900078;3004900079;3004900090,27,,no,"the 2018 schedule holds every candidate, so it excludes none"
3004900034,imports,201712,201801,457653908.00,"Antihistaminic agents, for human use, in doses/packings frs, o/t No 30.02/05/06",tariff_schedule,silent_no_effect,,0,27,3004900011;3004900012;3004900019;3004900021;3004900022;3004900023;3004900024;3004900025;3004900026;3004900027;3004900029;3004900042;3004900043;3004900049;3004900050;3004900061;3004900069;3004900071;3004900072;3004900073;3004900074;3004900075;3004900076;3004900077;3004900078;3004900079;3004900090,27,,no,"the 2018 schedule holds every candidate, so it excludes none"
3004900035,imports,201712,201801,6760065602.00,"Agents,acting on central nervous system,hum use,doses/frs,o/t No 30.02/05/06,nes",tariff_schedule,silent_no_effect,,0,27,3004900011;3004900012;3004900019;3004900021;3004900022;3004900023;3004900024;3004900025;3004900026;3004900027;3004900029;3004900042;3004900043;3004900049;3004900050;3004900061;3004900069;3004900071;3004900072;3004900073;3004900074;3004900075;3004900076;3004900077;3004900078;3004900079;3004900090,27,,no,"the 2018 schedule holds every candidate, so it excludes none"
3004900036,imports,201712,201801,627338348.00,"Local anaesthetics, for human use,in doses/pack f retail sale,o/t No 30.02/05/06",tariff_schedule,silent_no_effect,,0,27,3004900011;3004900012;3004900019;3004900021;3004900022;3004900023;3004900024;3004900025;3004900026;3004900027;3004900029;3004900042;3004900043;3004900049;3004900050;3004900061;3004900069;3004900071;3004900072;3004900073;3004900074;3004900075;3004900076;3004900077;3004900078;3004900079;3004900090,27,,no,"the 2018 schedule holds every candidate, so it excludes none"
3004900039,imports,201712,201801,3792547257.00,"Medi,acting on central nervous system,human use,doses/frs,o/t No 30.02/05/06,nes",tariff_schedule,silent_no_effect,,0,27,3004900011;3004900012;3004900019;3004900021;3004900022;3004900023;3004900024;3004900025;3004900026;3004900027;3004900029;3004900042;3004900043;3004900049;3004900050;3004900061;3004900069;3004900071;3004900072;3004900073;3004900074;3004900075;3004900076;3004900077;3004900078;3004900079;3004900090,27,,no,"the 2018 schedule holds every candidate, so it excludes none"
3004900041,imports,201112,201201,142378137.00,"Histamine H2 receptor antagonist, for human use, in dosage",cbsa_concordance,decided,3004900049,1,34,3004900049,1,,yes,named by Canada's concordance at 201201
3004900081,imports,201112,201201,17659861.00,"Anaesthetic, for veterinary use, in dosage",cbsa_concordance,decided,3004900090,1,34,3004900090,1,,yes,named by Canada's concordance at 201201
3004900089,imports,201112,201201,1795745395.00,"Medicaments, nes, for veterinary use, in dosage",cbsa_concordance,decided,3004900090,1,34,3004900090,1,,yes,named by Canada's concordance at 201201
3004901010,imports,199712,199801,27832591.00,"Mixtures of amino acids, nes, in dosage",none,silent_no_source,,0,38,3004900011;3004900012;3004900019;3004900020;3004900021;3004900022;3004900023;3004900024;3004900025;3004900026;3004900027;3004900029;3004900031;3004900032;3004900033;3004900034;3004900035;3004900036;3004900039;3004900041;3004900042;3004900043;3004900049;3004900050;3004900061;3004900069;3004900071;3004900072;3004900073;3004900074;3004900075;3004900076;3004900077;3004900078;3004900079;3004900081;3004900089;3004900090,38,,no,no official source reaches 199801
3004901020,imports,199712,199801,64569831.00,"Dextrose (glucose) solutions, in dosage",none,silent_no_source,,0,38,3004900011;3004900012;3004900019;3004900020;3004900021;3004900022;3004900023;3004900024;3004900025;3004900026;3004900027;3004900029;3004900031;3004900032;3004900033;3004900034;3004900035;3004900036;3004900039;3004900041;3004900042;3004900043;3004900049;3004900050;3004900061;3004900069;3004900071;3004900072;3004900073;3004900074;3004900075;3004900076;3004900077;3004900078;3004900079;3004900081;3004900089;3004900090,38,,no,no official source reaches 199801
3004901090,imports,199712,199801,40955791.00,"Mx of amino acids & protein hydrolysates, etc, in dosage",none,silent_no_source,,0,38,3004900011;3004900012;3004900019;3004900020;3004900021;3004900022;3004900023;3004900024;3004900025;3004900026;3004900027;3004900029;3004900031;3004900032;3004900033;3004900034;3004900035;3004900036;3004900039;3004900041;3004900042;3004900043;3004900049;3004900050;3004900061;3004900069;3004900071;3004900072;3004900073;3004900074;3004900075;3004900076;3004900077;3004900078;3004900079;3004900081;3004900089;3004900090,38,,no,no official source reaches 199801
3004909100,imports,199712,199801,7663951.00,"Medicaments cont more than 23% of abs ethyl alc by vol, nes, in dosage",none,silent_no_source,,0,38,3004900011;3004900012;3004900019;3004900020;3004900021;3004900022;3004900023;3004900024;3004900025;3004900026;3004900027;3004900029;3004900031;3004900032;3004900033;3004900034;3004900035;3004900036;3004900039;3004900041;3004900042;3004900043;3004900049;3004900050;3004900061;3004900069;3004900071;3004900072;3004900073;3004900074;3004900075;3004900076;3004900077;3004900078;3004900079;3004900081;3004900089;3004900090,38,,no,no official source reaches 199801
3004909911,imports,199712,199801,226805033.00,"Analgesics, for human use, in dosage",none,silent_no_source,,0,38,3004900011;3004900012;3004900019;3004900020;3004900021;3004900022;3004900023;3004900024;3004900025;3004900026;3004900027;3004900029;3004900031;3004900032;3004900033;3004900034;3004900035;3004900036;3004900039;3004900041;3004900042;3004900043;3004900049;3004900050;3004900061;3004900069;3004900071;3004900072;3004900073;3004900074;3004900075;3004900076;3004900077;3004900078;3004900079;3004900081;3004900089;3004900090,38,,no,no official source reaches 199801
3004909912,imports,199712,199801,405662933.00,"Antidepressants & tranquilizers, for human use, in dosage",none,silent_no_source,,0,38,3004900011;3004900012;3004900019;3004900020;3004900021;3004900022;3004900023;3004900024;3004900025;3004900026;3004900027;3004900029;3004900031;3004900032;3004900033;3004900034;3004900035;3004900036;3004900039;3004900041;3004900042;3004900043;3004900049;3004900050;3004900061;3004900069;3004900071;3004900072;3004900073;3004900074;3004900075;3004900076;3004900077;3004900078;3004900079;3004900081;3004900089;3004900090,38,,no,no official source reaches 199801
3004909913,imports,199712,199801,369413385.00,"Antihypertensive agents, for human use, in dosage",none,silent_no_source,,0,38,3004900011;3004900012;3004900019;3004900020;3004900021;3004900022;3004900023;3004900024;3004900025;3004900026;3004900027;3004900029;3004900031;3004900032;3004900033;3004900034;3004900035;3004900036;3004900039;3004900041;3004900042;3004900043;3004900049;3004900050;3004900061;3004900069;3004900071;3004900072;3004900073;3004900074;3004900075;3004900076;3004900077;3004900078;3004900079;3004900081;3004900089;3004900090,38,,no,no official source reaches 199801
3004909914,imports,199712,199801,61924264.00,"Antihistamines agents, for human use, in dosage",none,silent_no_source,,0,38,3004900011;3004900012;3004900019;3004900020;3004900021;3004900022;3004900023;3004900024;3004900025;3004900026;3004900027;3004900029;3004900031;3004900032;3004900033;3004900034;3004900035;3004900036;3004900039;3004900041;3004900042;3004900043;3004900049;3004900050;3004900061;3004900069;3004900071;3004900072;3004900073;3004900074;3004900075;3004900076;3004900077;3004900078;3004900079;3004900081;3004900089;3004900090,38,,no,no official source reaches 199801
3004909915,imports,199712,199801,116976986.00,"Medicaments, for human use, acting on the nervous system, in dosage, nes",none,silent_no_source,,0,38,3004900011;3004900012;3004900019;3004900020;3004900021;3004900022;3004900023;3004900024;3004900025;3004900026;3004900027;3004900029;3004900031;3004900032;3004900033;3004900034;3004900035;3004900036;3004900039;3004900041;3004900042;3004900043;3004900049;3004900050;3004900061;3004900069;3004900071;3004900072;3004900073;3004900074;3004900075;3004900076;3004900077;3004900078;3004900079;3004900081;3004900089;3004900090,38,,no,no official source reaches 199801
3004909916,imports,199712,199801,23048265.00,"Local anaesthetics, for human use, in dosage",none,silent_no_source,,0,38,3004900011;3004900012;3004900019;3004900020;3004900021;3004900022;3004900023;3004900024;3004900025;3004900026;3004900027;3004900029;3004900031;3004900032;3004900033;3004900034;3004900035;3004900036;3004900039;3004900041;3004900042;3004900043;3004900049;3004900050;3004900061;3004900069;3004900071;3004900072;3004900073;3004900074;3004900075;3004900076;3004900077;3004900078;3004900079;3004900081;3004900089;3004900090,38,,no,no official source reaches 199801
3004909919,imports,199712,199801,492424909.00,"Medicaments, for human use, acting on the central nervous system, in dosage, nes",none,silent_no_source,,0,38,3004900011;3004900012;3004900019;3004900020;3004900021;3004900022;3004900023;3004900024;3004900025;3004900026;3004900027;3004900029;3004900031;3004900032;3004900033;3004900034;3004900035;3004900036;3004900039;3004900041;3004900042;3004900043;3004900049;3004900050;3004900061;3004900069;3004900071;3004900072;3004900073;3004900074;3004900075;3004900076;3004900077;3004900078;3004900079;3004900081;3004900089;3004900090,38,,no,no official source reaches 199801
3004909921,imports,199712,199801,270583468.00,"Histamine H2 receptor antagonist, for human use, in dosage",none,silent_no_source,,0,38,3004900011;3004900012;3004900019;3004900020;3004900021;3004900022;3004900023;3004900024;3004900025;3004900026;3004900027;3004900029;3004900031;3004900032;3004900033;3004900034;3004900035;3004900036;3004900039;3004900041;3004900042;3004900043;3004900049;3004900050;3004900061;3004900069;3004900071;3004900072;3004900073;3004900074;3004900075;3004900076;3004900077;3004900078;3004900079;3004900081;3004900089;3004900090,38,,no,no official source reaches 199801
3004909922,imports,199712,199801,69723767.00,"Laxatives, for human use, in dosage",none,silent_no_source,,0,38,3004900011;3004900012;3004900019;3004900020;3004900021;3004900022;3004900023;3004900024;3004900025;3004900026;3004900027;3004900029;3004900031;3004900032;3004900033;3004900034;3004900035;3004900036;3004900039;3004900041;3004900042;3004900043;3004900049;3004900050;3004900061;3004900069;3004900071;3004900072;3004900073;3004900074;3004900075;3004900076;3004900077;3004900078;3004900079;3004900081;3004900089;3004900090,38,,no,no official source reaches 199801
3004909923,imports,199712,199801,67925751.00,"Antacids, for human use, in dosage",none,silent_no_source,,0,38,3004900011;3004900012;3004900019;3004900020;3004900021;3004900022;3004900023;3004900024;3004900025;3004900026;3004900027;3004900029;3004900031;3004900032;3004900033;3004900034;3004900035;3004900036;3004900039;3004900041;3004900042;3004900043;3004900049;3004900050;3004900061;3004900069;3004900071;3004900072;3004900073;3004900074;3004900075;3004900076;3004900077;3004900078;3004900079;3004900081;3004900089;3004900090,38,,no,no official source reaches 199801
3004909929,imports,199712,199801,665980987.00,"Gastro-intestinal agents, for human use, in dosage, nes",none,silent_no_source,,0,38,3004900011;3004900012;3004900019;3004900020;3004900021;3004900022;3004900023;3004900024;3004900025;3004900026;3004900027;3004900029;3004900031;3004900032;3004900033;3004900034;3004900035;3004900036;3004900039;3004900041;3004900042;3004900043;3004900049;3004900050;3004900061;3004900069;3004900071;3004900072;3004900073;3004900074;3004900075;3004900076;3004900077;3004900078;3004900079;3004900081;3004900089;3004900090,38,,no,no official source reaches 199801
3004909930,imports,199712,199801,1142787624.00,"Medicaments, for human use, acting on the cardio-vascular system, in dosage",none,silent_no_source,,0,38,3004900011;3004900012;3004900019;3004900020;3004900021;3004900022;3004900023;3004900024;3004900025;3004900026;3004900027;3004900029;3004900031;3004900032;3004900033;3004900034;3004900035;3004900036;3004900039;3004900041;3004900042;3004900043;3004900049;3004900050;3004900061;3004900069;3004900071;3004900072;3004900073;3004900074;3004900075;3004900076;3004900077;3004900078;3004900079;3004900081;3004900089;3004900090,38,,no,no official source reaches 199801
3004909940,imports,198912,199001,45447503.00,"Anti-infective agents, for human use, in dosage",none,silent_no_source,,0,69,3004900011;3004900012;3004900019;3004900020;3004900021;3004900022;3004900023;3004900024;3004900025;3004900026;3004900027;3004900029;3004900031;3004900032;3004900033;3004900034;3004900035;3004900036;3004900039;3004900041;3004900042;3004900043;3004900049;3004900050;3004900061;3004900069;3004900071;3004900072;3004900073;3004900074;3004900075;3004900076;3004900077;3004900078;3004900079;3004900081;3004900089;3004900090;3004901010;3004901020;3004901090;3004909100;3004909911;3004909912;3004909913;3004909914;3004909915;3004909916;3004909919;3004909921;3004909922;3004909923;3004909929;3004909930;3004909941;3004909949;3004909950;3004909960;3004909971;3004909979;3004909981;3004909982;3004909983;3004909984;3004909989;3004909991;3004909992;3004909993;3004909999,69,,no,no official source reaches 199001
3004909941,imports,199712,199801,15348385.00,"Anti-infective agents, containing sulfonamides, for human use, in dosage",none,silent_no_source,,0,38,3004900011;3004900012;3004900019;3004900020;3004900021;3004900022;3004900023;3004900024;3004900025;3004900026;3004900027;3004900029;3004900031;3004900032;3004900033;3004900034;3004900035;3004900036;3004900039;3004900041;3004900042;3004900043;3004900049;3004900050;3004900061;3004900069;3004900071;3004900072;3004900073;3004900074;3004900075;3004900076;3004900077;3004900078;3004900079;3004900081;3004900089;3004900090,38,,no,no official source reaches 199801
3004909949,imports,199712,199801,526326356.00,"Anti-infective agents, for human use, in dosage, nes",none,silent_no_source,,0,38,3004900011;3004900012;3004900019;3004900020;3004900021;3004900022;3004900023;3004900024;3004900025;3004900026;3004900027;3004900029;3004900031;3004900032;3004900033;3004900034;3004900035;3004900036;3004900039;3004900041;3004900042;3004900043;3004900049;3004900050;3004900061;3004900069;3004900071;3004900072;3004900073;3004900074;3004900075;3004900076;3004900077;3004900078;3004900079;3004900081;3004900089;3004900090,38,,no,no official source reaches 199801
3004909950,imports,199712,199801,148659591.00,"Haematological agents, for human use, in dosage",none,silent_no_source,,0,38,3004900011;3004900012;3004900019;3004900020;3004900021;3004900022;3004900023;3004900024;3004900025;3004900026;3004900027;3004900029;3004900031;3004900032;3004900033;3004900034;3004900035;3004900036;3004900039;3004900041;3004900042;3004900043;3004900049;3004900050;3004900061;3004900069;3004900071;3004900072;3004900073;3004900074;3004900075;3004900076;3004900077;3004900078;3004900079;3004900081;3004900089;3004900090,38,,no,no official source reaches 199801
3004909960,imports,199712,199801,367961271.00,"Antineoplastic agents, for human use, in dosage",none,silent_no_source,,0,38,3004900011;3004900012;3004900019;3004900020;3004900021;3004900022;3004900023;3004900024;3004900025;3004900026;3004900027;3004900029;3004900031;3004900032;3004900033;3004900034;3004900035;3004900036;3004900039;3004900041;3004900042;3004900043;3004900049;3004900050;3004900061;3004900069;3004900071;3004900072;3004900073;3004900074;3004900075;3004900076;3004900077;3004900078;3004900079;3004900081;3004900089;3004900090,38,,no,no official source reaches 199801
3004909971,imports,199712,199801,97818164.00,"Cough/cold preparations, for human use, in dosage",none,silent_no_source,,0,38,3004900011;3004900012;3004900019;3004900020;3004900021;3004900022;3004900023;3004900024;3004900025;3004900026;3004900027;3004900029;3004900031;3004900032;3004900033;3004900034;3004900035;3004900036;3004900039;3004900041;3004900042;3004900043;3004900049;3004900050;3004900061;3004900069;3004900071;3004900072;3004900073;3004900074;3004900075;3004900076;3004900077;3004900078;3004900079;3004900081;3004900089;3004900090,38,,no,no official source reaches 199801
3004909979,imports,199712,199801,171116815.00,"Medicaments, prim affecting eyes,ears & respiratory system,human use, in dos,nes",none,silent_no_source,,0,38,3004900011;3004900012;3004900019;3004900020;3004900021;3004900022;3004900023;3004900024;3004900025;3004900026;3004900027;3004900029;3004900031;3004900032;3004900033;3004900034;3004900035;3004900036;3004900039;3004900041;3004900042;3004900043;3004900049;3004900050;3004900061;3004900069;3004900071;3004900072;3004900073;3004900074;3004900075;3004900076;3004900077;3004900078;3004900079;3004900081;3004900089;3004900090,38,,no,no official source reaches 199801
3004909981,imports,199712,199801,41243804.00,"Diuretics, for human use, in dosage",none,silent_no_source,,0,38,3004900011;3004900012;3004900019;3004900020;3004900021;3004900022;3004900023;3004900024;3004900025;3004900026;3004900027;3004900029;3004900031;3004900032;3004900033;3004900034;3004900035;3004900036;3004900039;3004900041;3004900042;3004900043;3004900049;3004900050;3004900061;3004900069;3004900071;3004900072;3004900073;3004900074;3004900075;3004900076;3004900077;3004900078;3004900079;3004900081;3004900089;3004900090,38,,no,no official source reaches 199801
3004909982,imports,199712,199801,73229634.00,"Medicaments affecting electrolytic, caloric/water balance, for human use, in dos",none,silent_no_source,,0,38,3004900011;3004900012;3004900019;3004900020;3004900021;3004900022;3004900023;3004900024;3004900025;3004900026;3004900027;3004900029;3004900031;3004900032;3004900033;3004900034;3004900035;3004900036;3004900039;3004900041;3004900042;3004900043;3004900049;3004900050;3004900061;3004900069;3004900071;3004900072;3004900073;3004900074;3004900075;3004900076;3004900077;3004900078;3004900079;3004900081;3004900089;3004900090,38,,no,no official source reaches 199801
3004909983,imports,199712,199801,146213780.00,"Dermatological agents, for human use, in dosage",none,silent_no_source,,0,38,3004900011;3004900012;3004900019;3004900020;3004900021;3004900022;3004900023;3004900024;3004900025;3004900026;3004900027;3004900029;3004900031;3004900032;3004900033;3004900034;3004900035;3004900036;3004900039;3004900041;3004900042;3004900043;3004900049;3004900050;3004900061;3004900069;3004900071;3004900072;3004900073;3004900074;3004900075;3004900076;3004900077;3004900078;3004900079;3004900081;3004900089;3004900090,38,,no,no official source reaches 199801
3004909984,imports,199712,199801,2455445.00,"Medicaments cont hyaluronic acid or its sodium salt, for human use, in dosage",none,silent_no_source,,0,38,3004900011;3004900012;3004900019;3004900020;3004900021;3004900022;3004900023;3004900024;3004900025;3004900026;3004900027;3004900029;3004900031;3004900032;3004900033;3004900034;3004900035;3004900036;3004900039;3004900041;3004900042;3004900043;3004900049;3004900050;3004900061;3004900069;3004900071;3004900072;3004900073;3004900074;3004900075;3004900076;3004900077;3004900078;3004900079;3004900081;3004900089;3004900090,38,,no,no official source reaches 199801
3004909989,imports,199712,199801,1883788320.00,"Medicaments nes, for human use, in dosage",none,silent_no_source,,0,38,3004900011;3004900012;3004900019;3004900020;3004900021;3004900022;3004900023;3004900024;3004900025;3004900026;3004900027;3004900029;3004900031;3004900032;3004900033;3004900034;3004900035;3004900036;3004900039;3004900041;3004900042;3004900043;3004900049;3004900050;3004900061;3004900069;3004900071;3004900072;3004900073;3004900074;3004900075;3004900076;3004900077;3004900078;3004900079;3004900081;3004900089;3004900090,38,,no,no official source reaches 199801
3004909991,imports,199712,199801,4778034.00,"Anaesthetic, for veterinary use, in dosage",none,silent_no_source,,0,38,3004900011;3004900012;3004900019;3004900020;3004900021;3004900022;3004900023;3004900024;3004900025;3004900026;3004900027;3004900029;3004900031;3004900032;3004900033;3004900034;3004900035;3004900036;3004900039;3004900041;3004900042;3004900043;3004900049;3004900050;3004900061;3004900069;3004900071;3004900072;3004900073;3004900074;3004900075;3004900076;3004900077;3004900078;3004900079;3004900081;3004900089;3004900090,38,,no,no official source reaches 199801
3004909992,imports,199106,199107,69111.00,"Coccidiostats, in dosage",none,silent_no_source,,0,67,3004900011;3004900012;3004900019;3004900020;3004900021;3004900022;3004900023;3004900024;3004900025;3004900026;3004900027;3004900029;3004900031;3004900032;3004900033;3004900034;3004900035;3004900036;3004900039;3004900041;3004900042;3004900043;3004900049;3004900050;3004900061;3004900069;3004900071;3004900072;3004900073;3004900074;3004900075;3004900076;3004900077;3004900078;3004900079;3004900081;3004900089;3004900090;3004901010;3004901020;3004901090;3004909100;3004909911;3004909912;3004909913;3004909914;3004909915;3004909916;3004909919;3004909921;3004909922;3004909923;3004909929;3004909930;3004909941;3004909949;3004909950;3004909960;3004909971;3004909979;3004909981;3004909982;3004909983;3004909984;3004909989;3004909991;3004909999,67,,no,no official source reaches 199107
3004909993,imports,199106,199107,161155.00,"Tranquilizers, for veterinary use, in dosage",none,silent_no_source,,0,67,3004900011;3004900012;3004900019;3004900020;3004900021;3004900022;3004900023;3004900024;3004900025;3004900026;3004900027;3004900029;3004900031;3004900032;3004900033;3004900034;3004900035;3004900036;3004900039;3004900041;3004900042;3004900043;3004900049;3004900050;3004900061;3004900069;3004900071;3004900072;3004900073;3004900074;3004900075;3004900076;3004900077;3004900078;3004900079;3004900081;3004900089;3004900090;3004901010;3004901020;3004901090;3004909100;3004909911;3004909912;3004909913;3004909914;3004909915;3004909916;3004909919;3004909921;3004909922;3004909923;3004909929;3004909930;3004909941;3004909949;3004909950;3004909960;3004909971;3004909979;3004909981;3004909982;3004909983;3004909984;3004909989;3004909991;3004909999,67,,no,no official source reaches 199107
3004909999,imports,199712,199801,393958224.00,"Medicaments nes, for veterinary use, in dosage",none,silent_no_source,,0,38,3004900011;3004900012;3004900019;3004900020;3004900021;3004900022;3004900023;3004900024;3004900025;3004900026;3004900027;3004900029;3004900031;3004900032;3004900033;3004900034;3004900035;3004900036;3004900039;3004900041;3004900042;3004900043;3004900049;3004900050;3004900061;3004900069;3004900071;3004900072;3004900073;3004900074;3004900075;3004900076;3004900077;3004900078;3004900079;3004900081;3004900089;3004900090,38,,no,no official source reaches 199801
3005101000,imports,199712,199801,64532479.00,"Dressings & sim articles having an adhesive layer, coated/impreg w pharm subs",none,silent_no_source,,0,3,3005100010;3005100091;3005100099,3,,no,no official source reaches 199801
3005109100,imports,199712,199801,85056257.00,"Adhesive dressings, nes, packaged for retail sale",none,silent_no_source,,0,3,3005100010;3005100091;3005100099,3,,no,no official source reaches 199801
3005109900,imports,199712,199801,9717032.00,"Wadding, gauze, bandages & sim articles, nes, with adhesive layer, pack ret sale",none,silent_no_source,,0,3,3005100010;3005100091;3005100099,3,,no,no official source reaches 199801
3005900010,imports,201112,201201,41610750.00,"Bandages & slabs of tex fab, coated w plaster;o art used for orthopaedic casts",cbsa_concordance,decided,3005900090,1,4,3005900090,1,,yes,named by Canada's concordance at 201201
3005900050,imports,201112,201201,47297369.00,"Dressings and sim articles, of woven fabric solely of cotton, nes",cbsa_concordance,decided,3005900090,1,4,3005900090,1,,yes,named by Canada's concordance at 201201
3005900060,imports,201112,201201,1670276.00,"Dressings and similar articles, of paper, nes",cbsa_concordance,decided,3005900090,1,4,3005900090,1,,yes,named by Canada's concordance at 201201
3005901000,imports,199712,199801,10103909.00,Bandages & slabs of tex fab coated w plaster;o art used for orthopaedic casts,none,silent_no_source,,0,7,3005900010;3005900020;3005900030;3005900040;3005900050;3005900060;3005900090,7,,no,no official source reaches 199801
3005902000,imports,199712,199801,35108734.00,"Dressings & sim articles coated or impreg w pharm substances, nes",none,silent_no_source,,0,7,3005900010;3005900020;3005900030;3005900040;3005900050;3005900060;3005900090,7,,no,no official source reaches 199801
3005903000,imports,199712,199801,102059460.00,"Surgical dressings, not stitched or o/w mfd, not coated/impreg w pharm subs, nes",none,silent_no_source,,0,7,3005900010;3005900020;3005900030;3005900040;3005900050;3005900060;3005900090,7,,no,no official source reaches 199801
3005909100,imports,199712,199801,21207608.00,"Dressings/sim art of woven fab o/t of cotton; of knit fab, n-wov or felts, nes",none,silent_no_source,,0,7,3005900010;3005900020;3005900030;3005900040;3005900050;3005900060;3005900090,7,,no,no official source reaches 199801
3005909200,imports,199712,199801,46712311.00,"Dressings and sim articles of woven fabric solely of cotton, nes",none,silent_no_source,,0,7,3005900010;3005900020;3005900030;3005900040;3005900050;3005900060;3005900090,7,,no,no official source reaches 199801
3005909300,imports,199712,199801,1808053.00,"Dressings and similar articles of paper, nes",none,silent_no_source,,0,7,3005900010;3005900020;3005900030;3005900040;3005900050;3005900060;3005900090,7,,no,no official source reaches 199801
3005909900,imports,199712,199801,19543614.00,"Dressings and similar articles packaged for medical use, nes",none,silent_no_source,,0,7,3005900010;3005900020;3005900030;3005900040;3005900050;3005900060;3005900090,7,,no,no official source reaches 199801
3006200010,imports,201112,201201,300034808.00,"Blood-grouping reagents, of human origin",cbsa_concordance,decided,3006200090,1,2,3006200090,1,,yes,named by Canada's concordance at 201201
3006200020,imports,202112,202201,101885670.00,"Blood-grouping reagents, of animal origin",wco_correlation,correlated_left_chapter,,0,17,3006100010;3006100090;3006300010;3006300090;3006400010;3006400090;3006500000;3006600000;3006701000;3006709000;3006910000;3006920000;3006931000;3006932000;3006933000;3006934000;3006939000,17,,yes,"the WCO 2017 to 2022 correlation sends this subheading to 382213, outside Chapter 30"
3006200090,imports,202112,202201,159377979.00,"Blood-grouping reagents, other than of animal origin, nes",wco_correlation,correlated_left_chapter,,0,17,3006100010;3006100090;3006300010;3006300090;3006400010;3006400090;3006500000;3006600000;3006701000;3006709000;3006910000;3006920000;3006931000;3006932000;3006933000;3006934000;3006939000,17,,yes,"the WCO 2017 to 2022 correlation sends this subheading to 382213, outside Chapter 30"
3006201000,imports,199712,199801,140148071.00,"Blood-grouping reagents, of human origin",none,silent_no_source,,0,4,3002900099;3006200010;3006200020;3006200090,4,,no,no official source reaches 199801
3006202000,imports,199712,199801,6909500.00,"Blood-grouping reagents, of animal origin",none,silent_no_source,,0,3,3006200010;3006200020;3006200090,3,,no,no official source reaches 199801
3006209000,imports,199712,199801,15915707.00,"Blood-grouping reagents, except of human or animal origin",none,silent_no_source,,0,4,3002900099;3006200010;3006200020;3006200090,4,,no,no official source reaches 199801
3006300020,imports,201112,201201,17763781.00,"Allergenics, prepared for parenteral administration",cbsa_concordance,decided,3006300090,1,2,3006300090,1,,yes,named by Canada's concordance at 201201
3006301000,imports,199712,199801,207390256.00,Opacifying preparations for X-ray examinations,none,silent_no_source,,0,3,3006300010;3006300020;3006300090,3,,no,no official source reaches 199801
3006309100,imports,199712,199801,8572971.00,Allergenics prepared for parenteral administration,none,silent_no_source,,0,3,3006300010;3006300020;3006300090,3,,no,no official source reaches 199801
3006309900,imports,199712,199801,53976365.00,"Diagnostic reagents designed to be administered to the patient, nes",none,silent_no_source,,0,3,3006300010;3006300020;3006300090,3,,no,no official source reaches 199801
3006400020,imports,201112,201201,32178939.00,"Points, for filling dental root canals",cbsa_concordance,decided,3006400090,1,2,3006400090,1,,yes,named by Canada's concordance at 201201
3006400030,imports,201112,201201,18807739.00,"Dental fillings of composition metals, except those in powder or pellet form",cbsa_concordance,decided,3006400090,1,2,3006400090,1,,yes,named by Canada's concordance at 201201
3006401010,imports,199712,199801,82885877.00,Dental cements and bone reconstruction cements,none,silent_no_source,,0,4,3006400010;3006400020;3006400030;3006400090,4,,no,no official source reaches 199801
3006401020,imports,199712,199801,12822836.00,Points for filling dental root canals,none,silent_no_source,,0,4,3006400010;3006400020;3006400030;3006400090,4,,no,no official source reaches 199801
3006402000,imports,199712,199801,12771217.00,"Dental fillings of composition metals, except those in powder or pellet form",none,silent_no_source,,0,4,3006400010;3006400020;3006400030;3006400090,4,,no,no official source reaches 199801
3006409000,imports,199712,199801,83063425.00,"Dental fillings, nes",none,silent_no_source,,0,4,3006400010;3006400020;3006400030;3006400090,4,,no,no official source reaches 199801
3006600010,imports,201612,201701,866902008.00,"Chem contraceptive prep,based on horm,o prod of 29.37/spermicides,in dosage,nes",cbsa_concordance,decided,3006600000,1,1,3006600000,1,,yes,named by Canada's concordance at 201701
3006600011,imports,201111,201112,143242802.00,"Contraceptive prep, cont norethesterone acetate & ethinylestradiol, in dosage",cbsa_concordance,decided,3006600010,1,4,3006600010,1,,yes,named by Canada's concordance at 201112
3006600019,imports,201112,201201,1419821056.00,"Contraceptive prep, based on hormones,o prod of 29.37/spermicides,in dosage,nes",cbsa_concordance,decided,3006600010,1,3,3006600010,1,,yes,named by Canada's concordance at 201201
3006600090,imports,201612,201701,45460381.00,"Contraceptive prep, based on horm,on o prod of 29.37/spermicides,o/t in dos,nes",cbsa_concordance,decided,3006600000,1,1,3006600000,1,,yes,named by Canada's concordance at 201701
3006801100,imports,200612,200701,177848.00,"Waste pharm,chem/biolog prep,incl kit w ancill mat f med diag;f insem anml semen",wco_correlation,forced,,0,27,3006920000,1,,yes,"the WCO 2002 to 2007 correlation sends this subheading to 300692, leaving 1 of 27 candidate(s)"
3006801900,imports,200612,200701,168927.00,"Waste of gel prep f human/vet med as lub f pts of body f oper/examin,etc,nes",wco_correlation,forced,,0,27,3006920000,1,,yes,"the WCO 2002 to 2007 correlation sends this subheading to 300692, leaving 1 of 27 candidate(s)"
3006809010,imports,200510,200511,53.00,Waste pharmaceuticals of the goods of heading 30.01,wco_correlation,correlated_no_candidate,,0,7,3006801100;3006801900;3006809020;3006809041;3006809042;3006809050;3006809060,7,,yes,"the WCO 2002 to 2007 correlation sends this subheading to 300692, which no candidate trades under"
3006809020,imports,200511,200512,539.00,Waste pharmaceuticals of the goods of heading 30.02,wco_correlation,correlated_no_candidate,,0,6,3006801100;3006801900;3006809041;3006809042;3006809050;3006809060,6,,yes,"the WCO 2002 to 2007 correlation sends this subheading to 300692, which no candidate trades under"
3006809030,imports,200501,200502,7134.00,Waste pharmaceuticals of the goods of heading 30.03,wco_correlation,correlated_no_candidate,,0,9,3006801100;3006801900;3006809010;3006809020;3006809041;3006809042;3006809043;3006809050;3006809060,9,,yes,"the WCO 2002 to 2007 correlation sends this subheading to 300692, which no candidate trades under"
3006809041,imports,200610,200611,171.00,Waste pharmaceuticals of the goods of subheadings 3004.10 to 3004.39,wco_correlation,correlated_no_candidate,,0,4,3006801100;3006801900;3006809050;3006809060,4,,yes,"the WCO 2002 to 2007 correlation sends this subheading to 300692, which no candidate trades under"
3006809042,imports,200604,200605,86732.00,Waste pharmaceuticals of the goods of subheadings 3004.40 or 3004.50,wco_correlation,correlated_no_candidate,,0,5,3006801100;3006801900;3006809041;3006809050;3006809060,5,,yes,"the WCO 2002 to 2007 correlation sends this subheading to 300692, which no candidate trades under"
3006809043,imports,200508,200509,36718.00,Waste pharmaceuticals of the goods of subheading 3004.90,wco_correlation,correlated_no_candidate,,0,8,3006801100;3006801900;3006809010;3006809020;3006809041;3006809042;3006809050;3006809060,8,,yes,"the WCO 2002 to 2007 correlation sends this subheading to 300692, which no candidate trades under"
3006809050,imports,200612,200701,8220.00,Waste pharmaceuticals of the goods of heading 30.05,wco_correlation,forced,,0,27,3006920000,1,,yes,"the WCO 2002 to 2007 correlation sends this subheading to 300692, leaving 1 of 27 candidate(s)"
3006809060,imports,200612,200701,259506.00,Waste pharmaceuticals of the goods of heading 30.06,wco_correlation,forced,,0,27,3006920000,1,,yes,"the WCO 2002 to 2007 correlation sends this subheading to 300692, leaving 1 of 27 candidate(s)"
