record_id,span_id,flow,hs_code,description,first_period,last_period,value_cad,family_id,family_anchor_code,family_anchor_first_traded,family_size,family_commodities,family_display_number,family_codes
EXR-30011000-198801,exports:3001.10.00:1988-01,exports,3001.10.00,"Glands and other organs, dried, powdered or not, for therapeutic uses",198801,200610,5567265,EX-30011000-198801,3001.10.00,198801,2,2,1,3001.10.00;3001.90.00
EXR-30012000-198801,exports:3001.20.00:1988-01,exports,3001.20.00,"Extracts of glands/other organs or of their secretions, for therapeutic uses",198801,202605,77599600,EX-30012000-198801,3001.20.00,198801,1,1,2,3001.20.00
EXR-30019000-198801,exports:3001.90.00:1988-01,exports,3001.90.00,"Heparin & its salts;human or animal substnces for therap or prophltc uses, nes",198801,200612,1272402095,EX-30011000-198801,3001.10.00,198801,2,2,1,3001.10.00;3001.90.00
EXR-30019000-200701,exports:3001.90.00:2007-01,exports,3001.90.00,"Heparin & its salts;human or animal substances for therap or prophltc uses, nes",200701,202606,655557587,EX-30011000-198801,3001.10.00,198801,2,2,1,3001.10.00;3001.90.00
EXR-30021000-198801,exports:3002.10.00:1988-01,exports,3002.10.00,"Antisera and other bld fract and mod immn prod, w/n obtained b/m of btech proc",198801,201112,1854440060,EX-30021000-198801,3002.10.00,198801,2,2,3,3002.10.00;3002.12.00
EXR-30021000-201201,exports:3002.10.00:2012-01,exports,3002.10.00,"Antisera, o blood fract, immunological prod,w/n mod/obt by biotechnological proc",201201,201612,450834420,EX-30021000-198801,3002.10.00,198801,2,2,3,3002.10.00;3002.12.00
EXR-30021100-201702,exports:3002.11.00:2017-02,exports,3002.11.00,Malaria diagnostic test kits,201702,202111,450273,EX-30021100-201702,3002.11.00,201702,1,1,38,3002.11.00
EXR-30021200-201701,exports:3002.12.00:2017-01,exports,3002.12.00,"Antisera & other blood fractions, w/n modified/obtained by biotechnological proc",201701,202606,2129339097,EX-30021000-198801,3002.10.00,198801,2,2,3,3002.10.00;3002.12.00
EXR-30021300-201706,exports:3002.13.00:2017-06,exports,3002.13.00,"Immunological products, unmixed, not put up in measured doses/forms/packings frs",201706,202606,7212680,EX-30021300-201706,3002.13.00,201706,1,1,40,3002.13.00
EXR-30021400-201701,exports:3002.14.00:2017-01,exports,3002.14.00,"Immunological products,mixed,not put in measured doses/forms/packings f ret sale",201701,202606,10864290,EX-30021400-201701,3002.14.00,201701,1,1,33,3002.14.00
EXR-30021500-201701,exports:3002.15.00:2017-01,exports,3002.15.00,"Immunological products, put up in measured doses/forms/packings, for retail sale",201701,202606,697199737,EX-30021500-201701,3002.15.00,201701,1,1,34,3002.15.00
EXR-30021900-201701,exports:3002.19.00:2017-01,exports,3002.19.00,"Immunological products, nes, w/n modified/obtained by biotechnological processes",201701,202112,7464863,EX-30029010-198801,3002.90.10,198801,5,6,6,3002.19.00;3002.90.00;3002.90.10;3002.90.20;3002.90.90
EXR-30022000-198801,exports:3002.20.00:1988-01,exports,3002.20.00,"Vaccines, human use",198801,200112,596972799,EX-30022000-198801,3002.20.00,198801,2,2,4,3002.20.00;3002.41.00
EXR-30022000-200201,exports:3002.20.00:2002-01,exports,3002.20.00,Vaccines for human medicine,200201,202112,10515505175,EX-30022000-198801,3002.20.00,198801,2,2,4,3002.20.00;3002.41.00
EXR-30023000-201701,exports:3002.30.00:2017-01,exports,3002.30.00,"Vaccines, for veterinary medecine",201701,202112,90821585,EX-30023100-198801,3002.31.00,198801,6,6,5,3002.30.00;3002.30.10;3002.30.90;3002.31.00;3002.39.00;3002.42.00
EXR-30023010-199602,exports:3002.30.10:1996-02,exports,3002.30.10,"Vaccines against foot or mouth disease, veterinary use",199602,201606,9430362,EX-30023100-198801,3002.31.00,198801,6,6,5,3002.30.00;3002.30.10;3002.30.90;3002.31.00;3002.39.00;3002.42.00
EXR-30023090-199601,exports:3002.30.90:1996-01,exports,3002.30.90,"Vaccines, veterinary use, nes",199601,201612,230488314,EX-30023100-198801,3002.31.00,198801,6,6,5,3002.30.00;3002.30.10;3002.30.90;3002.31.00;3002.39.00;3002.42.00
EXR-30023100-198801,exports:3002.31.00:1988-01,exports,3002.31.00,"Vaccines against foot or mouth disease, veterinary use",198801,199512,962870,EX-30023100-198801,3002.31.00,198801,6,6,5,3002.30.00;3002.30.10;3002.30.90;3002.31.00;3002.39.00;3002.42.00
EXR-30023900-198801,exports:3002.39.00:1988-01,exports,3002.39.00,"Vaccines, veterinary use, nes",198801,199512,40239940,EX-30023100-198801,3002.31.00,198801,6,6,5,3002.30.00;3002.30.10;3002.30.90;3002.31.00;3002.39.00;3002.42.00
EXR-30024100-202201,exports:3002.41.00:2022-01,exports,3002.41.00,"Vaccines, for human medicine",202201,202606,3107598283,EX-30022000-198801,3002.20.00,198801,2,2,4,3002.20.00;3002.41.00
EXR-30024200-202201,exports:3002.42.00:2022-01,exports,3002.42.00,"Vaccines, for veterinary medecine",202201,202606,219097026,EX-30023100-198801,3002.31.00,198801,6,6,5,3002.30.00;3002.30.10;3002.30.90;3002.31.00;3002.39.00;3002.42.00
EXR-30024900-202201,exports:3002.49.00:2022-01,exports,3002.49.00,"Vaccines,toxins, cultures of micro-organisms (excl yeasts) and sim products, nes",202201,202606,276193421,EX-30024900-202201,3002.49.00,202201,1,1,45,3002.49.00
EXR-30025100-202202,exports:3002.51.00:2022-02,exports,3002.51.00,"Cell therapy products, whether or not modified",202202,202606,7985851,EX-30025100-202202,3002.51.00,202202,1,1,47,3002.51.00
EXR-30025900-202202,exports:3002.59.00:2022-02,exports,3002.59.00,"Cell cultures, whether or not modified, nes",202202,202606,8567292,EX-30025900-202202,3002.59.00,202202,1,1,48,3002.59.00
EXR-30029000-198901,exports:3002.90.00:1989-01,exports,3002.90.00,"Human blood;animal blood for therap,prophtc or diag uses; microbial prep nes",198901,199612,87070203,EX-30029010-198801,3002.90.10,198801,5,6,6,3002.19.00;3002.90.00;3002.90.10;3002.90.20;3002.90.90
EXR-30029010-198801,exports:3002.90.10:1988-01,exports,3002.90.10,"Human blood;animal blood for therap,prophtc/diag use; microbial prep,human use",198801,198812,7990944,EX-30029010-198801,3002.90.10,198801,5,6,6,3002.19.00;3002.90.00;3002.90.10;3002.90.20;3002.90.90
EXR-30029010-199712,exports:3002.90.10:1997-12,exports,3002.90.10,Ricin,199712,202606,176854182,EX-30029010-199712,3002.90.10,199712,1,1,28,3002.90.10
EXR-30029020-198801,exports:3002.90.20:1988-01,exports,3002.90.20,"Human blood;animal blood for therap,prophtc/diag use;microbial prep nes,vet use",198801,198812,331522,EX-30029010-198801,3002.90.10,198801,5,6,6,3002.19.00;3002.90.00;3002.90.10;3002.90.20;3002.90.90
EXR-30029020-199705,exports:3002.90.20:1997-05,exports,3002.90.20,Saxitoxin,199705,201611,10613008,EX-30029010-198801,3002.90.10,198801,5,6,6,3002.19.00;3002.90.00;3002.90.10;3002.90.20;3002.90.90
EXR-30029090-199701,exports:3002.90.90:1997-01,exports,3002.90.90,"Human blood;animal blood for therap,prophtc or diag uses; microbial prep, nes",199701,201112,466598868,EX-30029010-198801,3002.90.10,198801,5,6,6,3002.19.00;3002.90.00;3002.90.10;3002.90.20;3002.90.90
EXR-30029090-201201,exports:3002.90.90:2012-01,exports,3002.90.90,"Human blood; animal blood for therap/prophltc/diag uses;micro-organisms cult,nes",201201,201612,354952944,EX-30029010-198801,3002.90.10,198801,5,6,6,3002.19.00;3002.90.00;3002.90.10;3002.90.20;3002.90.90
EXR-30029090-201701,exports:3002.90.90:2017-01,exports,3002.90.90,"Human blood;anml blood therap/prophltc/diag uses;toxins,micro-orga cult,sim,nes",201701,202112,401587968,EX-30029010-198801,3002.90.10,198801,5,6,6,3002.19.00;3002.90.00;3002.90.10;3002.90.20;3002.90.90
EXR-30029090-202201,exports:3002.90.90:2022-01,exports,3002.90.90,"Human blood;animal blood therap/diag,etc;antisera,etc;vaccines,etc;cell cult,nes",202201,202606,218528697,EX-30029010-198801,3002.90.10,198801,5,6,6,3002.19.00;3002.90.00;3002.90.10;3002.90.20;3002.90.90
EXR-30031000-198801,exports:3003.10.00:1988-01,exports,3003.10.00,"Penicillins or streptomycins and their derivatives, formulated, in bulk",198801,200012,748385,EX-30031000-198801,3003.10.00,198801,1,1,7,3003.10.00
EXR-30031000-200204,exports:3003.10.00:2002-04,exports,3003.10.00,"Medi,cont penicillins/deriv w penicillanic acid struct, streptomycins/deriv,nfrs",200204,202605,1435943,EX-30031000-198801,3003.10.00,198801,1,1,7,3003.10.00
EXR-30032000-198801,exports:3003.20.00:1988-01,exports,3003.20.00,"Antibiotics nes, formulated, in bulk",198801,200112,7676418,EX-30032000-198801,3003.20.00,198801,1,1,8,3003.20.00
EXR-30032000-200201,exports:3003.20.00:2002-01,exports,3003.20.00,"Medicaments,cont antibiotics,nes,mix,for therap/prophltc,nfrs,o/t No 30.02/05/06",200201,202606,831236406,EX-30032000-198801,3003.20.00,198801,1,1,8,3003.20.00
EXR-30033100-198801,exports:3003.31.00:1988-01,exports,3003.31.00,"Insulin, formulated, in bulk",198801,199304,745761,EX-30033100-198801,3003.31.00,198801,2,2,9,3003.31.00;3003.90.00
EXR-30033100-200203,exports:3003.31.00:2002-03,exports,3003.31.00,"Medicaments,cont insulin,mixed,not in doses/forms/pack/frs,o/t No 30.02/05/06",200203,202505,1208878,EX-30033100-200203,3003.31.00,200203,1,1,29,3003.31.00
EXR-30033900-198801,exports:3003.39.00:1988-01,exports,3003.39.00,"Hormones nes, formulated, not cntg antibiotics, in bulk, o/t contraceptives",198801,200111,205319941,EX-30033900-198801,3003.39.00,198801,1,1,10,3003.39.00
EXR-30033900-200201,exports:3003.39.00:2002-01,exports,3003.39.00,"Medi,cont horm/prostaglandins/thromboxanes/leukotrienes/deriv/analogues,nes,nfrs",200201,202606,465281939,EX-30033900-198801,3003.39.00,198801,1,1,10,3003.39.00
EXR-30034000-198804,exports:3003.40.00:1988-04,exports,3003.40.00,"Alkaloids or their derivs, formltd, not cntg antibiotics or hormones, in bulk",198804,201611,2243690,EX-30034000-198804,3003.40.00,198804,2,2,27,3003.40.00;3003.49.00
EXR-30034100-202009,exports:3003.41.00:2020-09,exports,3003.41.00,"Medicaments,cont ephedrin/salts,mix,therap/prophltc uses,nfrs,o/t No 30.02/05/06",202009,202009,16605,EX-30034100-202009,3003.41.00,202009,1,1,44,3003.41.00
EXR-30034200-201905,exports:3003.42.00:2019-05,exports,3003.42.00,"Medicaments,cont pseudoephedrine/sa,mix,therap/prophltc,nfrs,o/t No 30.02/05/06",201905,202409,594838,EX-30034200-201905,3003.42.00,201905,1,1,43,3003.42.00
EXR-30034900-201805,exports:3003.49.00:2018-05,exports,3003.49.00,"Medi,cont alkaloids/deriv t/o,nes,mix,f therap/prophltc,nfrs,o/t No 30.02/05/06",201805,202606,803089,EX-30034000-198804,3003.40.00,198804,2,2,27,3003.40.00;3003.49.00
EXR-30036000-201812,exports:3003.60.00:2018-12,exports,3003.60.00,"Medicaments,cont antimalarial active principles,mixed,nfrs,o/t No 30.02/05/06",201812,202308,7735481,EX-30036000-201812,3003.60.00,201812,1,1,42,3003.60.00
EXR-30039000-198801,exports:3003.90.00:1988-01,exports,3003.90.00,"Medicaments nes, formulated, in bulk",198801,201612,934665379,EX-30033100-198801,3003.31.00,198801,2,2,9,3003.31.00;3003.90.00
EXR-30039000-201701,exports:3003.90.00:2017-01,exports,3003.90.00,"Medicaments, nes,mix,therap/prophltc uses,not for retail sale,o/t No 30.02/05/06",201701,202606,895500457,EX-30033100-198801,3003.31.00,198801,2,2,9,3003.31.00;3003.90.00
EXR-30041000-198901,exports:3004.10.00:1989-01,exports,3004.10.00,"Penicillins or streptomycins and their derivatives, in dosage",198901,200112,292912539,EX-30041010-198801,3004.10.10,198801,3,3,11,3004.10.00;3004.10.10;3004.10.20
EXR-30041000-200201,exports:3004.10.00:2002-01,exports,3004.10.00,"Medi,cont penicillins/deriv w penicillanic acid struct, streptomycins/deriv,frs",200201,202606,3763788689,EX-30041010-198801,3004.10.10,198801,3,3,11,3004.10.00;3004.10.10;3004.10.20
EXR-30041010-198801,exports:3004.10.10:1988-01,exports,3004.10.10,"Penicillins or streptomycins and their derivatives,in dosage,for human use",198801,198812,3401123,EX-30041010-198801,3004.10.10,198801,3,3,11,3004.10.00;3004.10.10;3004.10.20
EXR-30041020-198801,exports:3004.10.20:1988-01,exports,3004.10.20,"Penicillins or streptomycins and their derivatives,in dosage,for vet use",198801,198812,992811,EX-30041010-198801,3004.10.10,198801,3,3,11,3004.10.00;3004.10.10;3004.10.20
EXR-30042000-198901,exports:3004.20.00:1989-01,exports,3004.20.00,"Antibiotics nes, in dosage",198901,200112,393606946,EX-30042010-198801,3004.20.10,198801,3,3,12,3004.20.00;3004.20.10;3004.20.20
EXR-30042000-200201,exports:3004.20.00:2002-01,exports,3004.20.00,"Medicaments,cont antibiotics,f therap/prophltc,in doses/frs,o/t No 30.02/05/06",200201,202606,17228758909,EX-30042010-198801,3004.20.10,198801,3,3,12,3004.20.00;3004.20.10;3004.20.20
EXR-30042010-198801,exports:3004.20.10:1988-01,exports,3004.20.10,"Antibiotics nes, in dosage, for human use",198801,198812,7651667,EX-30042010-198801,3004.20.10,198801,3,3,12,3004.20.00;3004.20.10;3004.20.20
EXR-30042020-198801,exports:3004.20.20:1988-01,exports,3004.20.20,"Antibiotics nes, in dosage, for veterinary use",198801,198812,718992,EX-30042010-198801,3004.20.10,198801,3,3,12,3004.20.00;3004.20.10;3004.20.20
EXR-30043100-198803,exports:3004.31.00:1988-03,exports,3004.31.00,"Insulin, in dosage",198803,199909,1752462,EX-30043100-198803,3004.31.00,198803,1,1,26,3004.31.00
EXR-30043100-200207,exports:3004.31.00:2002-07,exports,3004.31.00,"Medicaments,cont insulin,in doses/forms/pack f retail sale,o/t No 30.02/05/06",200207,202606,217431074,EX-30043100-198803,3004.31.00,198803,1,1,26,3004.31.00
EXR-30043200-198901,exports:3004.32.00:1989-01,exports,3004.32.00,"Adrenal cortical hormones, not containing antibiotics, in dosage",198901,200112,398967731,EX-30043210-198801,3004.32.10,198801,3,3,13,3004.32.00;3004.32.10;3004.32.20
EXR-30043200-200201,exports:3004.32.00:2002-01,exports,3004.32.00,"Medi,cont corticosteroid horm/deriv/struct ana,in doses/frs,o/t No 30.02/05/06",200201,202606,4416759120,EX-30043210-198801,3004.32.10,198801,3,3,13,3004.32.00;3004.32.10;3004.32.20
EXR-30043210-198801,exports:3004.32.10:1988-01,exports,3004.32.10,"Adrenal cortical hormones, in dosage, for human use",198801,198812,3924008,EX-30043210-198801,3004.32.10,198801,3,3,13,3004.32.00;3004.32.10;3004.32.20
EXR-30043220-198802,exports:3004.32.20:1988-02,exports,3004.32.20,"Adrenal cortical hormones, in dosage, for veterinary use",198802,198811,47163,EX-30043210-198801,3004.32.10,198801,3,3,13,3004.32.00;3004.32.10;3004.32.20
EXR-30043900-198901,exports:3004.39.00:1989-01,exports,3004.39.00,"Hormones nes, not containing antibiotics, in dosage,o/t contraceptive",198901,200112,633301759,EX-30043910-198801,3004.39.10,198801,3,3,14,3004.39.00;3004.39.10;3004.39.20
EXR-30043900-200201,exports:3004.39.00:2002-01,exports,3004.39.00,"Medi,cont horm/prostaglandins/thromboxanes/leukotrienes/deriv/analogues,nes,frs",200201,202606,17458512244,EX-30043910-198801,3004.39.10,198801,3,3,14,3004.39.00;3004.39.10;3004.39.20
EXR-30043910-198801,exports:3004.39.10:1988-01,exports,3004.39.10,"Hormones nes, not containing antibiotics, in dosage,o/t contraceptive,human use",198801,198812,6819167,EX-30043910-198801,3004.39.10,198801,3,3,14,3004.39.00;3004.39.10;3004.39.20
EXR-30043920-198801,exports:3004.39.20:1988-01,exports,3004.39.20,"Hormones nes, not containing antibiotics, in dosage,o/t contraceptive,vet use",198801,198812,304529,EX-30043910-198801,3004.39.10,198801,3,3,14,3004.39.00;3004.39.10;3004.39.20
EXR-30044000-198801,exports:3004.40.00:1988-01,exports,3004.40.00,"Alkaloids or their derivs, not cntg antibiotics or hormones, in dosage",198801,201612,1560656123,EX-30044000-198801,3004.40.00,198801,2,2,15,3004.40.00;3004.49.00
EXR-30044100-201701,exports:3004.41.00:2017-01,exports,3004.41.00,"Medicaments,cont ephedrin/salts,therap/prophltc,in doses/frs,o/t No 30.02/05/06",201701,202605,104471710,EX-30044100-201701,3004.41.00,201701,1,1,35,3004.41.00
EXR-30044200-201701,exports:3004.42.00:2017-01,exports,3004.42.00,"Medi,cont pseudoephedrine/salts,therap/prophltc,in doses/frs,o/t No 30.02/05/06",201701,202606,43140759,EX-30044200-201701,3004.42.00,201701,1,1,36,3004.42.00
EXR-30044300-201703,exports:3004.43.00:2017-03,exports,3004.43.00,"Medi,cont norephedrine/salts,therap/prophltc,in doses/frs,o/t No 30.02/05/06",201703,202203,497680,EX-30044300-201703,3004.43.00,201703,1,1,39,3004.43.00
EXR-30044900-201701,exports:3004.49.00:2017-01,exports,3004.49.00,"Medi,cont alkaloids/deriv t/o,nes,therap/prophltc,doses/frs,o/t No 30.02/05/06",201701,202606,1158394031,EX-30044000-198801,3004.40.00,198801,2,2,15,3004.40.00;3004.49.00
EXR-30045000-198901,exports:3004.50.00:1989-01,exports,3004.50.00,"Vitamins and their derivatives,in dosage",198901,200112,450642793,EX-30045010-198801,3004.50.10,198801,3,3,16,3004.50.00;3004.50.10;3004.50.20
EXR-30045000-200201,exports:3004.50.00:2002-01,exports,3004.50.00,"Medicaments,cont vitamins/provitamins/deriv,in doses/pack/frs,o/t No 30.02/05/06",200201,202606,3654760823,EX-30045010-198801,3004.50.10,198801,3,3,16,3004.50.00;3004.50.10;3004.50.20
EXR-30045010-198801,exports:3004.50.10:1988-01,exports,3004.50.10,"Vitamins and their derivatives,in dosage for human use",198801,198812,5171012,EX-30045010-198801,3004.50.10,198801,3,3,16,3004.50.00;3004.50.10;3004.50.20
EXR-30045020-198801,exports:3004.50.20:1988-01,exports,3004.50.20,"Vitamins and their derivatives,in dosage for veterinary use",198801,198812,1105557,EX-30045010-198801,3004.50.10,198801,3,3,16,3004.50.00;3004.50.10;3004.50.20
EXR-30046000-201701,exports:3004.60.00:2017-01,exports,3004.60.00,"Medicaments,cont antimalarial active principles,in doses/frs,o/t No 30.02/05/06",201701,202606,40290657,EX-30046000-201701,3004.60.00,201701,1,1,37,3004.60.00
EXR-30049000-198901,exports:3004.90.00:1989-01,exports,3004.90.00,"Medicaments nes, in dosage",198901,201612,62584070826,EX-30049010-198801,3004.90.10,198801,4,4,17,3004.90.00;3004.90.10;3004.90.20;3004.90.90
EXR-30049000-201701,exports:3004.90.00:2017-01,exports,3004.90.00,"Medicaments,nes,therap/prophltc uses,doses/pack f retail sale,o/t No 30.02/05/06",201701,201712,4449244871,EX-30049010-198801,3004.90.10,198801,4,4,17,3004.90.00;3004.90.10;3004.90.20;3004.90.90
EXR-30049010-198801,exports:3004.90.10:1988-01,exports,3004.90.10,"Medicaments nes, in dosage, for human use",198801,198812,52047406,EX-30049010-198801,3004.90.10,198801,4,4,17,3004.90.00;3004.90.10;3004.90.20;3004.90.90
EXR-30049010-201802,exports:3004.90.10:2018-02,exports,3004.90.10,"Medi cont cannabis/cannabinoids, therap/prophltc uses, doses/pack f retail sale",201802,202606,230767263,EX-30049010-201802,3004.90.10,201802,1,1,41,3004.90.10
EXR-30049020-198801,exports:3004.90.20:1988-01,exports,3004.90.20,"Medicaments nes, in dosage, for veterinary use",198801,198812,5163106,EX-30049010-198801,3004.90.10,198801,4,4,17,3004.90.00;3004.90.10;3004.90.20;3004.90.90
EXR-30049090-201801,exports:3004.90.90:2018-01,exports,3004.90.90,"Medicaments,nes,therap/prophltc uses,doses/pack f retail sale,o/t No 30.02/05/06",201801,202606,60805636213,EX-30049010-198801,3004.90.10,198801,4,4,17,3004.90.00;3004.90.10;3004.90.20;3004.90.90
EXR-30051000-198801,exports:3005.10.00:1988-01,exports,3005.10.00,Dressings and other articles having an adhesive layer,198801,202606,592045943,EX-30051000-198801,3005.10.00,198801,1,1,18,3005.10.00
EXR-30059000-198801,exports:3005.90.00:1988-01,exports,3005.90.00,"Dressings & similar articles,impreg or coated or packaged for med use, nes",198801,202606,1040018101,EX-30059000-198801,3005.90.00,198801,1,1,19,3005.90.00
EXR-30061000-198801,exports:3006.10.00:1988-01,exports,3006.10.00,"Suture materials,sterile;laminaria, sterie;haemostatics,sterile,surg or dental",198801,200106,52713717,EX-30061000-198801,3006.10.00,198801,1,1,20,3006.10.00
EXR-30061000-200201,exports:3006.10.00:2002-01,exports,3006.10.00,"Sterile suture mat;sterile laminaria;sterile absorb haemostatics;surg/dental,etc",200201,202606,28342079,EX-30061000-198801,3006.10.00,198801,1,1,20,3006.10.00
EXR-30062000-198801,exports:3006.20.00:1988-01,exports,3006.20.00,Blood-grouping reagents,198801,202112,72350467,EX-30062000-198801,3006.20.00,198801,1,1,21,3006.20.00
EXR-30063000-198801,exports:3006.30.00:1988-01,exports,3006.30.00,"Opacifying prep, x-ray; diagnostic reagents, designed for admin to patients",198801,202606,5171928861,EX-30063000-198801,3006.30.00,198801,1,1,22,3006.30.00
EXR-30064000-198801,exports:3006.40.00:1988-01,exports,3006.40.00,Dental cements & other dental fillings; bone reconstruction cements,198801,202606,708003729,EX-30064000-198801,3006.40.00,198801,1,1,23,3006.40.00
EXR-30065000-198801,exports:3006.50.00:1988-01,exports,3006.50.00,First-aid boxes and kits,198801,202606,55762354,EX-30065000-198801,3006.50.00,198801,1,1,24,3006.50.00
EXR-30066000-198801,exports:3006.60.00:1988-01,exports,3006.60.00,"Contraceptive prep based on hormones, on other prod of No 29.37 or spermicides",198801,200112,83095477,EX-30066000-198801,3006.60.00,198801,1,1,25,3006.60.00
EXR-30066000-200201,exports:3006.60.00:2002-01,exports,3006.60.00,"Chem contraceptive preparations,based on hormones/o prod of No 29.37/spermicides",200201,202606,1271478326,EX-30066000-198801,3006.60.00,198801,1,1,25,3006.60.00
EXR-30067000-200205,exports:3006.70.00:2002-05,exports,3006.70.00,"Gel prep f human/vet medicine as lub f parts of body f oper/examination,etc",200205,202606,74625926,EX-30067000-200205,3006.70.00,200205,1,1,30,3006.70.00
EXR-30068000-200209,exports:3006.80.00:2002-09,exports,3006.80.00,Waste pharmaceuticals,200209,200612,4595187,EX-30068000-200209,3006.80.00,200209,2,2,31,3006.80.00;3006.92.00
EXR-30069100-200702,exports:3006.91.00:2007-02,exports,3006.91.00,Appliances identifiable for ostomy use,200702,202606,10551487,EX-30069100-200702,3006.91.00,200702,1,1,32,3006.91.00
EXR-30069200-200703,exports:3006.92.00:2007-03,exports,3006.92.00,"Waste pharmaceuticals, nes",200703,202606,20697596,EX-30068000-200209,3006.80.00,200209,2,2,31,3006.80.00;3006.92.00
EXR-30069300-202201,exports:3006.93.00:2022-01,exports,3006.93.00,"Placebos,blinded or double blinded clinical trial kits, put up in measured doses",202201,202606,214588047,EX-30069300-202201,3006.93.00,202201,1,1,46,3006.93.00
