too_recent_to_call,retirement_basis,months_before_delivery_end,retiring_code,span_index,span_count,span_first_period,flow,heading,subheading,last_period,boundary,total_value_cad,description,subheading_survives,at_hs_revision_boundary,wco_table,cbsa_concordance_covers,tariff_schedule_covers,narrowest_tier,narrowest_count,n_same_subheading,n_same_heading,n_same_chapter,n_any_alive,n_continuous,n_alive_after_ignoring_continuity,candidates_continuous,n_born_at_boundary,n_carve_out,candidates_narrowest,candidates_outside_narrowest,candidates_born_at_boundary,candidates_carve_out
no,declared,236,30011000,1,1,198801,exports,3001,300110,200610,200611,5567265.00,"Glands and other organs, dried, powdered or not, for therapeutic uses",no,yes,2002->2007,no,yes,same_heading,2,0,2,59,59,36,59,30012000;30019000,0,0,30012000;30019000,30021000;30021100;30021200;30021300;30021400;30021500;30021900;30022000;30023000;30023010;30023090;30024100;30024200;30024900;30025100;30025900;30029010;30029020;30029090;30031000;30032000;30033100;30033900;30034000;30034100;30034200;30034900;30036000;30039000;30041000;30042000;30043100;30043200;30043900;30044000;30044100;30044200;30044300;30044900;30045000;30046000;30049000;30049010;30049090;30051000;30059000;30061000;30062000;30063000;30064000;30065000;30066000;30067000;30068000;30069100;30069200;30069300,,
yes,trade_ceased_only,1,30012000,1,1,198801,exports,3001,300120,202605,202606,77599600.00,"Extracts of glands/other organs or of their secretions, for therapeutic uses",no,no,,no,yes,same_heading,1,0,1,38,38,38,38,30019000,0,0,30019000,30021200;30021300;30021400;30021500;30024100;30024200;30024900;30025100;30025900;30029010;30029090;30032000;30033900;30034900;30039000;30041000;30042000;30043100;30043200;30043900;30044200;30044900;30045000;30046000;30049010;30049090;30051000;30059000;30061000;30063000;30064000;30065000;30066000;30067000;30069100;30069200;30069300,,
no,declared,114,30021000,1,1,198801,exports,3002,300210,201612,201701,2305274480.00,"Antisera, o blood fract, immunological prod,w/n mod/obt by biotechnological proc",no,yes,2012->2017,yes,yes,same_heading,15,0,15,52,52,45,52,30021100;30021200;30021300;30021400;30021500;30021900;30022000;30023000;30029010;30029090,9,0,30021100;30021200;30021300;30021400;30021500;30021900;30022000;30023000;30024100;30024200;30024900;30025100;30025900;30029010;30029090,30012000;30019000;30031000;30032000;30033100;30033900;30034100;30034200;30034900;30036000;30039000;30041000;30042000;30043100;30043200;30043900;30044100;30044200;30044300;30044900;30045000;30046000;30049000;30049010;30049090;30051000;30059000;30061000;30062000;30063000;30064000;30065000;30066000;30067000;30069100;30069200;30069300,30021200;30021400;30021500;30021900;30023000;30044100;30044200;30044900;30046000,
no,declared,55,30021100,1,1,201702,exports,3002,300211,202111,202112,450273.00,Malaria diagnostic test kits,no,yes,2017->2022,no,yes,same_heading,14,0,14,49,49,49,49,30021200;30021300;30021400;30021500;30021900;30022000;30023000;30024100;30024200;30024900;30025100;30025900;30029010;30029090,0,0,30021200;30021300;30021400;30021500;30021900;30022000;30023000;30024100;30024200;30024900;30025100;30025900;30029010;30029090,30012000;30019000;30031000;30032000;30033100;30033900;30034200;30034900;30036000;30039000;30041000;30042000;30043100;30043200;30043900;30044100;30044200;30044300;30044900;30045000;30046000;30049010;30049090;30051000;30059000;30061000;30062000;30063000;30064000;30065000;30066000;30067000;30069100;30069200;30069300,,
no,declared,54,30021900,1,1,201701,exports,3002,300219,202112,202201,7464863.00,"Immunological products, nes, w/n modified/obtained by biotechnological processes",no,yes,2017->2022,no,yes,same_heading,11,0,11,45,45,45,45,30021200;30021300;30021400;30021500;30024100;30024200;30024900;30025100;30025900;30029010;30029090,4,0,30021200;30021300;30021400;30021500;30024100;30024200;30024900;30025100;30025900;30029010;30029090,30012000;30019000;30031000;30032000;30033100;30033900;30034200;30034900;30036000;30039000;30041000;30042000;30043100;30043200;30043900;30044100;30044200;30044300;30044900;30045000;30046000;30049010;30049090;30051000;30059000;30061000;30063000;30064000;30065000;30066000;30067000;30069100;30069200;30069300,30024100;30024200;30024900;30069300,
no,declared,54,30022000,1,1,198801,exports,3002,300220,202112,202201,11112477974.00,Vaccines for human medicine,no,yes,2017->2022,no,yes,same_heading,11,0,11,45,45,45,45,30021200;30021300;30021400;30021500;30024100;30024200;30024900;30025100;30025900;30029010;30029090,4,0,30021200;30021300;30021400;30021500;30024100;30024200;30024900;30025100;30025900;30029010;30029090,30012000;30019000;30031000;30032000;30033100;30033900;30034200;30034900;30036000;30039000;30041000;30042000;30043100;30043200;30043900;30044100;30044200;30044300;30044900;30045000;30046000;30049010;30049090;30051000;30059000;30061000;30063000;30064000;30065000;30066000;30067000;30069100;30069200;30069300,30024100;30024200;30024900;30069300,
no,declared,54,30023000,1,1,201701,exports,3002,300230,202112,202201,90821585.00,"Vaccines, for veterinary medecine",no,yes,2017->2022,no,yes,same_heading,11,0,11,45,45,45,45,30021200;30021300;30021400;30021500;30024100;30024200;30024900;30025100;30025900;30029010;30029090,4,0,30021200;30021300;30021400;30021500;30024100;30024200;30024900;30025100;30025900;30029010;30029090,30012000;30019000;30031000;30032000;30033100;30033900;30034200;30034900;30036000;30039000;30041000;30042000;30043100;30043200;30043900;30044100;30044200;30044300;30044900;30045000;30046000;30049010;30049090;30051000;30059000;30061000;30063000;30064000;30065000;30066000;30067000;30069100;30069200;30069300,30024100;30024200;30024900;30069300,
no,declared,120,30023010,1,1,199602,exports,3002,300230,201606,201607,9430362.00,"Vaccines against foot or mouth disease, veterinary use",yes,yes,2012->2017,yes,yes,same_subheading,2,2,18,57,57,45,57,30023000;30023090,0,0,30023000;30023090,30012000;30019000;30021000;30021100;30021200;30021300;30021400;30021500;30021900;30022000;30024100;30024200;30024900;30025100;30025900;30029010;30029020;30029090;30031000;30032000;30033100;30033900;30034000;30034100;30034200;30034900;30036000;30039000;30041000;30042000;30043100;30043200;30043900;30044000;30044100;30044200;30044300;30044900;30045000;30046000;30049000;30049010;30049090;30051000;30059000;30061000;30062000;30063000;30064000;30065000;30066000;30067000;30069100;30069200;30069300,,
no,declared,114,30023090,1,1,199601,exports,3002,300230,201612,201701,230488314.00,"Vaccines, veterinary use, nes",yes,yes,2012->2017,yes,yes,same_subheading,1,1,15,52,52,45,52,30023000,9,0,30023000,30012000;30019000;30021100;30021200;30021300;30021400;30021500;30021900;30022000;30024100;30024200;30024900;30025100;30025900;30029010;30029090;30031000;30032000;30033100;30033900;30034100;30034200;30034900;30036000;30039000;30041000;30042000;30043100;30043200;30043900;30044100;30044200;30044300;30044900;30045000;30046000;30049000;30049010;30049090;30051000;30059000;30061000;30062000;30063000;30064000;30065000;30066000;30067000;30069100;30069200;30069300,30021200;30021400;30021500;30021900;30023000;30044100;30044200;30044900;30046000,
no,declared,366,30023100,1,1,198801,exports,3002,300231,199512,199601,962870.00,"Vaccines against foot or mouth disease, veterinary use",no,no,,no,no,same_heading,20,0,20,61,61,30,61,30021000;30022000;30023010;30023090;30029000;30029090,1,0,30021000;30021100;30021200;30021300;30021400;30021500;30021900;30022000;30023000;30023010;30023090;30024100;30024200;30024900;30025100;30025900;30029000;30029010;30029020;30029090,30011000;30012000;30019000;30031000;30032000;30033100;30033900;30034000;30034100;30034200;30034900;30036000;30039000;30041000;30042000;30043100;30043200;30043900;30044000;30044100;30044200;30044300;30044900;30045000;30046000;30049000;30049010;30049090;30051000;30059000;30061000;30062000;30063000;30064000;30065000;30066000;30067000;30068000;30069100;30069200;30069300,30023090,
no,declared,366,30023900,1,1,198801,exports,3002,300239,199512,199601,40239940.00,"Vaccines, veterinary use, nes",no,no,,no,no,same_heading,20,0,20,61,61,30,61,30021000;30022000;30023010;30023090;30029000;30029090,1,0,30021000;30021100;30021200;30021300;30021400;30021500;30021900;30022000;30023000;30023010;30023090;30024100;30024200;30024900;30025100;30025900;30029000;30029010;30029020;30029090,30011000;30012000;30019000;30031000;30032000;30033100;30033900;30034000;30034100;30034200;30034900;30036000;30039000;30041000;30042000;30043100;30043200;30043900;30044000;30044100;30044200;30044300;30044900;30045000;30046000;30049000;30049010;30049090;30051000;30059000;30061000;30062000;30063000;30064000;30065000;30066000;30067000;30068000;30069100;30069200;30069300,30023090,
no,declared,354,30029000,1,1,198901,exports,3002,300290,199612,199701,87070203.00,"Human blood;animal blood for therap,prophtc or diag uses; microbial prep nes",yes,no,,no,no,same_subheading,3,3,19,60,60,31,60,30029010;30029020;30029090,1,0,30029010;30029020;30029090,30011000;30012000;30019000;30021000;30021100;30021200;30021300;30021400;30021500;30021900;30022000;30023000;30023010;30023090;30024100;30024200;30024900;30025100;30025900;30031000;30032000;30033100;30033900;30034000;30034100;30034200;30034900;30036000;30039000;30041000;30042000;30043100;30043200;30043900;30044000;30044100;30044200;30044300;30044900;30045000;30046000;30049000;30049010;30049090;30051000;30059000;30061000;30062000;30063000;30064000;30065000;30066000;30067000;30068000;30069100;30069200;30069300,30029090,
no,code_reused,450,30029010,1,2,198801,exports,3002,300290,198812,198901,7990944.00,"Human blood;animal blood for therap,prophtc/diag use; microbial prep,human use",yes,no,,no,no,same_subheading,3,3,21,62,62,30,62,30029000,7,0,30029000;30029020;30029090,30011000;30012000;30019000;30021000;30021100;30021200;30021300;30021400;30021500;30021900;30022000;30023000;30023010;30023090;30023100;30023900;30024100;30024200;30024900;30025100;30025900;30031000;30032000;30033100;30033900;30034000;30034100;30034200;30034900;30036000;30039000;30041000;30042000;30043100;30043200;30043900;30044000;30044100;30044200;30044300;30044900;30045000;30046000;30049000;30049010;30049090;30051000;30059000;30061000;30062000;30063000;30064000;30065000;30066000;30067000;30068000;30069100;30069200;30069300,30029000;30041000;30042000;30043200;30043900;30045000;30049000,
no,code_reused,450,30029020,1,2,198801,exports,3002,300290,198812,198901,331522.00,"Human blood;animal blood for therap,prophtc/diag use;microbial prep nes,vet use",yes,no,,no,no,same_subheading,3,3,21,62,62,30,62,30029000,7,0,30029000;30029010;30029090,30011000;30012000;30019000;30021000;30021100;30021200;30021300;30021400;30021500;30021900;30022000;30023000;30023010;30023090;30023100;30023900;30024100;30024200;30024900;30025100;30025900;30031000;30032000;30033100;30033900;30034000;30034100;30034200;30034900;30036000;30039000;30041000;30042000;30043100;30043200;30043900;30044000;30044100;30044200;30044300;30044900;30045000;30046000;30049000;30049010;30049090;30051000;30059000;30061000;30062000;30063000;30064000;30065000;30066000;30067000;30068000;30069100;30069200;30069300,30029000;30041000;30042000;30043200;30043900;30045000;30049000,
no,declared,115,30029020,2,2,199705,exports,3002,300290,201611,201612,10613008.00,Saxitoxin,yes,yes,2012->2017,yes,yes,same_subheading,2,2,17,55,55,43,55,30029010;30029090,0,0,30029010;30029090,30012000;30019000;30021000;30021100;30021200;30021300;30021400;30021500;30021900;30022000;30023000;30023090;30024100;30024200;30024900;30025100;30025900;30031000;30032000;30033100;30033900;30034100;30034200;30034900;30036000;30039000;30041000;30042000;30043100;30043200;30043900;30044000;30044100;30044200;30044300;30044900;30045000;30046000;30049000;30049010;30049090;30051000;30059000;30061000;30062000;30063000;30064000;30065000;30066000;30067000;30069100;30069200;30069300,,
yes,trade_ceased_only,1,30031000,1,1,198801,exports,3003,300310,202605,202606,2184328.00,"Medi,cont penicillins/deriv w penicillanic acid struct, streptomycins/deriv,nfrs",no,no,,no,yes,same_heading,4,0,4,38,38,38,38,30032000;30033900;30034900;30039000,0,0,30032000;30033900;30034900;30039000,30019000;30021200;30021300;30021400;30021500;30024100;30024200;30024900;30025100;30025900;30029010;30029090;30041000;30042000;30043100;30043200;30043900;30044200;30044900;30045000;30046000;30049010;30049090;30051000;30059000;30061000;30063000;30064000;30065000;30066000;30067000;30069100;30069200;30069300,,
no,code_reused,398,30033100,1,2,198801,exports,3003,300331,199304,199305,745761.00,"Insulin, formulated, in bulk",no,no,,no,no,same_heading,9,0,9,62,62,29,62,30031000;30032000;30033900;30034000;30039000,0,0,30031000;30032000;30033900;30034000;30034100;30034200;30034900;30036000;30039000,30011000;30012000;30019000;30021000;30021100;30021200;30021300;30021400;30021500;30021900;30022000;30023000;30023010;30023090;30023100;30023900;30024100;30024200;30024900;30025100;30025900;30029000;30029010;30029020;30029090;30041000;30042000;30043100;30043200;30043900;30044000;30044100;30044200;30044300;30044900;30045000;30046000;30049000;30049010;30049090;30051000;30059000;30061000;30062000;30063000;30064000;30065000;30066000;30067000;30068000;30069100;30069200;30069300,,
yes,trade_ceased_only,13,30033100,2,2,200203,exports,3003,300331,202505,202506,1208878.00,"Medicaments,cont insulin,mixed,not in doses/forms/pack/frs,o/t No 30.02/05/06",no,no,,no,yes,same_heading,5,0,5,41,41,41,41,30031000;30032000;30033900;30034900;30039000,0,0,30031000;30032000;30033900;30034900;30039000,30012000;30019000;30021200;30021300;30021400;30021500;30024100;30024200;30024900;30025100;30025900;30029010;30029090;30041000;30042000;30043100;30043200;30043900;30044100;30044200;30044900;30045000;30046000;30049010;30049090;30051000;30059000;30061000;30063000;30064000;30065000;30066000;30067000;30069100;30069200;30069300,,
no,declared,115,30034000,1,1,198804,exports,3003,300340,201611,201612,2243690.00,"Alkaloids or their derivs, formltd, not cntg antibiotics or hormones, in bulk",no,yes,2012->2017,yes,yes,same_heading,9,0,9,55,55,43,55,30031000;30032000;30033100;30033900;30039000,0,0,30031000;30032000;30033100;30033900;30034100;30034200;30034900;30036000;30039000,30012000;30019000;30021000;30021100;30021200;30021300;30021400;30021500;30021900;30022000;30023000;30023090;30024100;30024200;30024900;30025100;30025900;30029010;30029090;30041000;30042000;30043100;30043200;30043900;30044000;30044100;30044200;30044300;30044900;30045000;30046000;30049000;30049010;30049090;30051000;30059000;30061000;30062000;30063000;30064000;30065000;30066000;30067000;30069100;30069200;30069300,,
no,trade_ceased_only,69,30034100,1,1,202009,exports,3003,300341,202009,202010,16605.00,"Medicaments,cont ephedrin/salts,mix,therap/prophltc uses,nfrs,o/t No 30.02/05/06",no,no,,no,yes,same_heading,8,0,8,50,50,44,50,30031000;30032000;30033100;30033900;30034200;30034900;30036000;30039000,0,0,30031000;30032000;30033100;30033900;30034200;30034900;30036000;30039000,30012000;30019000;30021100;30021200;30021300;30021400;30021500;30021900;30022000;30023000;30024100;30024200;30024900;30025100;30025900;30029010;30029090;30041000;30042000;30043100;30043200;30043900;30044100;30044200;30044300;30044900;30045000;30046000;30049010;30049090;30051000;30059000;30061000;30062000;30063000;30064000;30065000;30066000;30067000;30069100;30069200;30069300,,
yes,trade_ceased_only,21,30034200,1,1,201905,exports,3003,300342,202409,202410,594838.00,"Medicaments,cont pseudoephedrine/sa,mix,therap/prophltc,nfrs,o/t No 30.02/05/06",no,no,,no,yes,same_heading,6,0,6,42,42,42,42,30031000;30032000;30033100;30033900;30034900;30039000,0,0,30031000;30032000;30033100;30033900;30034900;30039000,30012000;30019000;30021200;30021300;30021400;30021500;30024100;30024200;30024900;30025100;30025900;30029010;30029090;30041000;30042000;30043100;30043200;30043900;30044100;30044200;30044900;30045000;30046000;30049010;30049090;30051000;30059000;30061000;30063000;30064000;30065000;30066000;30067000;30069100;30069200;30069300,,
no,trade_ceased_only,34,30036000,1,1,201812,exports,3003,300360,202308,202309,7735481.00,"Medicaments,cont antimalarial active principles,mixed,nfrs,o/t No 30.02/05/06",no,no,,no,yes,same_heading,7,0,7,43,43,43,43,30031000;30032000;30033100;30033900;30034200;30034900;30039000,0,0,30031000;30032000;30033100;30033900;30034200;30034900;30039000,30012000;30019000;30021200;30021300;30021400;30021500;30024100;30024200;30024900;30025100;30025900;30029010;30029090;30041000;30042000;30043100;30043200;30043900;30044100;30044200;30044900;30045000;30046000;30049010;30049090;30051000;30059000;30061000;30063000;30064000;30065000;30066000;30067000;30069100;30069200;30069300,,
no,declared,450,30041010,1,1,198801,exports,3004,300410,198812,198901,3401123.00,"Penicillins or streptomycins and their derivatives,in dosage,for human use",yes,no,,no,no,same_subheading,1,1,15,63,63,30,63,30041000,7,0,30041000,30011000;30012000;30019000;30021000;30021100;30021200;30021300;30021400;30021500;30021900;30022000;30023000;30023010;30023090;30023100;30023900;30024100;30024200;30024900;30025100;30025900;30029000;30029010;30029020;30029090;30031000;30032000;30033100;30033900;30034000;30034100;30034200;30034900;30036000;30039000;30042000;30043100;30043200;30043900;30044000;30044100;30044200;30044300;30044900;30045000;30046000;30049000;30049010;30049090;30051000;30059000;30061000;30062000;30063000;30064000;30065000;30066000;30067000;30068000;30069100;30069200;30069300,30029000;30041000;30042000;30043200;30043900;30045000;30049000,
no,declared,450,30041020,1,1,198801,exports,3004,300410,198812,198901,992811.00,"Penicillins or streptomycins and their derivatives,in dosage,for vet use",yes,no,,no,no,same_subheading,1,1,15,63,63,30,63,30041000,7,0,30041000,30011000;30012000;30019000;30021000;30021100;30021200;30021300;30021400;30021500;30021900;30022000;30023000;30023010;30023090;30023100;30023900;30024100;30024200;30024900;30025100;30025900;30029000;30029010;30029020;30029090;30031000;30032000;30033100;30033900;30034000;30034100;30034200;30034900;30036000;30039000;30042000;30043100;30043200;30043900;30044000;30044100;30044200;30044300;30044900;30045000;30046000;30049000;30049010;30049090;30051000;30059000;30061000;30062000;30063000;30064000;30065000;30066000;30067000;30068000;30069100;30069200;30069300,30029000;30041000;30042000;30043200;30043900;30045000;30049000,
no,declared,450,30042010,1,1,198801,exports,3004,300420,198812,198901,7651667.00,"Antibiotics nes, in dosage, for human use",yes,no,,no,no,same_subheading,1,1,15,63,63,30,63,30042000,7,0,30042000,30011000;30012000;30019000;30021000;30021100;30021200;30021300;30021400;30021500;30021900;30022000;30023000;30023010;30023090;30023100;30023900;30024100;30024200;30024900;30025100;30025900;30029000;30029010;30029020;30029090;30031000;30032000;30033100;30033900;30034000;30034100;30034200;30034900;30036000;30039000;30041000;30043100;30043200;30043900;30044000;30044100;30044200;30044300;30044900;30045000;30046000;30049000;30049010;30049090;30051000;30059000;30061000;30062000;30063000;30064000;30065000;30066000;30067000;30068000;30069100;30069200;30069300,30029000;30041000;30042000;30043200;30043900;30045000;30049000,
no,declared,450,30042020,1,1,198801,exports,3004,300420,198812,198901,718992.00,"Antibiotics nes, in dosage, for veterinary use",yes,no,,no,no,same_subheading,1,1,15,63,63,30,63,30042000,7,0,30042000,30011000;30012000;30019000;30021000;30021100;30021200;30021300;30021400;30021500;30021900;30022000;30023000;30023010;30023090;30023100;30023900;30024100;30024200;30024900;30025100;30025900;30029000;30029010;30029020;30029090;30031000;30032000;30033100;30033900;30034000;30034100;30034200;30034900;30036000;30039000;30041000;30043100;30043200;30043900;30044000;30044100;30044200;30044300;30044900;30045000;30046000;30049000;30049010;30049090;30051000;30059000;30061000;30062000;30063000;30064000;30065000;30066000;30067000;30068000;30069100;30069200;30069300,30029000;30041000;30042000;30043200;30043900;30045000;30049000,
no,declared,450,30043210,1,1,198801,exports,3004,300432,198812,198901,3924008.00,"Adrenal cortical hormones, in dosage, for human use",yes,no,,no,no,same_subheading,1,1,15,63,63,30,63,30043200,7,0,30043200,30011000;30012000;30019000;30021000;30021100;30021200;30021300;30021400;30021500;30021900;30022000;30023000;30023010;30023090;30023100;30023900;30024100;30024200;30024900;30025100;30025900;30029000;30029010;30029020;30029090;30031000;30032000;30033100;30033900;30034000;30034100;30034200;30034900;30036000;30039000;30041000;30042000;30043100;30043900;30044000;30044100;30044200;30044300;30044900;30045000;30046000;30049000;30049010;30049090;30051000;30059000;30061000;30062000;30063000;30064000;30065000;30066000;30067000;30068000;30069100;30069200;30069300,30029000;30041000;30042000;30043200;30043900;30045000;30049000,
no,declared,451,30043220,1,1,198802,exports,3004,300432,198811,198812,47163.00,"Adrenal cortical hormones, in dosage, for veterinary use",yes,no,,no,no,same_subheading,2,2,25,73,73,43,73,30043200;30043210,0,0,30043200;30043210,30011000;30012000;30019000;30021000;30021100;30021200;30021300;30021400;30021500;30021900;30022000;30023000;30023010;30023090;30023100;30023900;30024100;30024200;30024900;30025100;30025900;30029000;30029010;30029020;30029090;30031000;30032000;30033100;30033900;30034000;30034100;30034200;30034900;30036000;30039000;30041000;30041010;30041020;30042000;30042010;30042020;30043100;30043900;30043910;30043920;30044000;30044100;30044200;30044300;30044900;30045000;30045010;30045020;30046000;30049000;30049010;30049020;30049090;30051000;30059000;30061000;30062000;30063000;30064000;30065000;30066000;30067000;30068000;30069100;30069200;30069300,,
no,declared,450,30043910,1,1,198801,exports,3004,300439,198812,198901,6819167.00,"Hormones nes, not containing antibiotics, in dosage,o/t contraceptive,human use",yes,no,,no,no,same_subheading,1,1,15,63,63,30,63,30043900,7,0,30043900,30011000;30012000;30019000;30021000;30021100;30021200;30021300;30021400;30021500;30021900;30022000;30023000;30023010;30023090;30023100;30023900;30024100;30024200;30024900;30025100;30025900;30029000;30029010;30029020;30029090;30031000;30032000;30033100;30033900;30034000;30034100;30034200;30034900;30036000;30039000;30041000;30042000;30043100;30043200;30044000;30044100;30044200;30044300;30044900;30045000;30046000;30049000;30049010;30049090;30051000;30059000;30061000;30062000;30063000;30064000;30065000;30066000;30067000;30068000;30069100;30069200;30069300,30029000;30041000;30042000;30043200;30043900;30045000;30049000,
no,declared,450,30043920,1,1,198801,exports,3004,300439,198812,198901,304529.00,"Hormones nes, not containing antibiotics, in dosage,o/t contraceptive,vet use",yes,no,,no,no,same_subheading,1,1,15,63,63,30,63,30043900,7,0,30043900,30011000;30012000;30019000;30021000;30021100;30021200;30021300;30021400;30021500;30021900;30022000;30023000;30023010;30023090;30023100;30023900;30024100;30024200;30024900;30025100;30025900;30029000;30029010;30029020;30029090;30031000;30032000;30033100;30033900;30034000;30034100;30034200;30034900;30036000;30039000;30041000;30042000;30043100;30043200;30044000;30044100;30044200;30044300;30044900;30045000;30046000;30049000;30049010;30049090;30051000;30059000;30061000;30062000;30063000;30064000;30065000;30066000;30067000;30068000;30069100;30069200;30069300,30029000;30041000;30042000;30043200;30043900;30045000;30049000,
no,declared,114,30044000,1,1,198801,exports,3004,300440,201612,201701,1560656123.00,"Alkaloids or their derivs, not cntg antibiotics or hormones, in dosage",no,yes,2012->2017,yes,yes,same_heading,14,0,14,52,52,45,52,30041000;30042000;30043100;30043200;30043900;30044100;30044200;30044300;30044900;30045000;30046000;30049000;30049090,9,0,30041000;30042000;30043100;30043200;30043900;30044100;30044200;30044300;30044900;30045000;30046000;30049000;30049010;30049090,30012000;30019000;30021100;30021200;30021300;30021400;30021500;30021900;30022000;30023000;30024100;30024200;30024900;30025100;30025900;30029010;30029090;30031000;30032000;30033100;30033900;30034100;30034200;30034900;30036000;30039000;30051000;30059000;30061000;30062000;30063000;30064000;30065000;30066000;30067000;30069100;30069200;30069300,30021200;30021400;30021500;30021900;30023000;30044100;30044200;30044900;30046000,
yes,trade_ceased_only,1,30044100,1,1,201701,exports,3004,300441,202605,202606,104471710.00,"Medicaments,cont ephedrin/salts,therap/prophltc,in doses/frs,o/t No 30.02/05/06",no,no,,no,yes,same_heading,11,0,11,38,38,38,38,30041000;30042000;30043100;30043200;30043900;30044200;30044900;30045000;30046000;30049010;30049090,0,0,30041000;30042000;30043100;30043200;30043900;30044200;30044900;30045000;30046000;30049010;30049090,30019000;30021200;30021300;30021400;30021500;30024100;30024200;30024900;30025100;30025900;30029010;30029090;30032000;30033900;30034900;30039000;30051000;30059000;30061000;30063000;30064000;30065000;30066000;30067000;30069100;30069200;30069300,,
no,trade_ceased_only,51,30044300,1,1,201703,exports,3004,300443,202203,202204,497680.00,"Medi,cont norephedrine/salts,therap/prophltc,in doses/frs,o/t No 30.02/05/06",no,no,,no,yes,same_heading,12,0,12,44,44,44,44,30041000;30042000;30043100;30043200;30043900;30044100;30044200;30044900;30045000;30046000;30049010;30049090,0,0,30041000;30042000;30043100;30043200;30043900;30044100;30044200;30044900;30045000;30046000;30049010;30049090,30012000;30019000;30021200;30021300;30021400;30021500;30024100;30024200;30024900;30025100;30025900;30029010;30029090;30031000;30032000;30033100;30033900;30034200;30034900;30036000;30039000;30051000;30059000;30061000;30063000;30064000;30065000;30066000;30067000;30069100;30069200;30069300,,
no,declared,450,30045010,1,1,198801,exports,3004,300450,198812,198901,5171012.00,"Vitamins and their derivatives,in dosage for human use",yes,no,,no,no,same_subheading,1,1,15,63,63,30,63,30045000,7,0,30045000,30011000;30012000;30019000;30021000;30021100;30021200;30021300;30021400;30021500;30021900;30022000;30023000;30023010;30023090;30023100;30023900;30024100;30024200;30024900;30025100;30025900;30029000;30029010;30029020;30029090;30031000;30032000;30033100;30033900;30034000;30034100;30034200;30034900;30036000;30039000;30041000;30042000;30043100;30043200;30043900;30044000;30044100;30044200;30044300;30044900;30046000;30049000;30049010;30049090;30051000;30059000;30061000;30062000;30063000;30064000;30065000;30066000;30067000;30068000;30069100;30069200;30069300,30029000;30041000;30042000;30043200;30043900;30045000;30049000,
no,declared,450,30045020,1,1,198801,exports,3004,300450,198812,198901,1105557.00,"Vitamins and their derivatives,in dosage for veterinary use",yes,no,,no,no,same_subheading,1,1,15,63,63,30,63,30045000,7,0,30045000,30011000;30012000;30019000;30021000;30021100;30021200;30021300;30021400;30021500;30021900;30022000;30023000;30023010;30023090;30023100;30023900;30024100;30024200;30024900;30025100;30025900;30029000;30029010;30029020;30029090;30031000;30032000;30033100;30033900;30034000;30034100;30034200;30034900;30036000;30039000;30041000;30042000;30043100;30043200;30043900;30044000;30044100;30044200;30044300;30044900;30046000;30049000;30049010;30049090;30051000;30059000;30061000;30062000;30063000;30064000;30065000;30066000;30067000;30068000;30069100;30069200;30069300,30029000;30041000;30042000;30043200;30043900;30045000;30049000,
no,declared,102,30049000,1,1,198901,exports,3004,300490,201712,201801,67033315697.00,"Medicaments,nes,therap/prophltc uses,doses/pack f retail sale,o/t No 30.02/05/06",yes,no,,no,yes,same_subheading,2,2,13,51,51,45,51,30049010;30049090,1,0,30049010;30049090,30012000;30019000;30021100;30021200;30021300;30021400;30021500;30021900;30022000;30023000;30024100;30024200;30024900;30025100;30025900;30029010;30029090;30031000;30032000;30033100;30033900;30034100;30034200;30034900;30036000;30039000;30041000;30042000;30043100;30043200;30043900;30044100;30044200;30044300;30044900;30045000;30046000;30051000;30059000;30061000;30062000;30063000;30064000;30065000;30066000;30067000;30069100;30069200;30069300,30049090,
no,code_reused,450,30049010,1,2,198801,exports,3004,300490,198812,198901,52047406.00,"Medicaments nes, in dosage, for human use",yes,no,,no,no,same_subheading,2,2,14,62,62,30,62,30049000,7,0,30049000;30049090,30011000;30012000;30019000;30021000;30021100;30021200;30021300;30021400;30021500;30021900;30022000;30023000;30023010;30023090;30023100;30023900;30024100;30024200;30024900;30025100;30025900;30029000;30029010;30029020;30029090;30031000;30032000;30033100;30033900;30034000;30034100;30034200;30034900;30036000;30039000;30041000;30042000;30043100;30043200;30043900;30044000;30044100;30044200;30044300;30044900;30045000;30046000;30051000;30059000;30061000;30062000;30063000;30064000;30065000;30066000;30067000;30068000;30069100;30069200;30069300,30029000;30041000;30042000;30043200;30043900;30045000;30049000,
no,declared,450,30049020,1,1,198801,exports,3004,300490,198812,198901,5163106.00,"Medicaments nes, in dosage, for veterinary use",yes,no,,no,no,same_subheading,3,3,15,63,63,30,63,30049000,7,0,30049000;30049010;30049090,30011000;30012000;30019000;30021000;30021100;30021200;30021300;30021400;30021500;30021900;30022000;30023000;30023010;30023090;30023100;30023900;30024100;30024200;30024900;30025100;30025900;30029000;30029010;30029020;30029090;30031000;30032000;30033100;30033900;30034000;30034100;30034200;30034900;30036000;30039000;30041000;30042000;30043100;30043200;30043900;30044000;30044100;30044200;30044300;30044900;30045000;30046000;30051000;30059000;30061000;30062000;30063000;30064000;30065000;30066000;30067000;30068000;30069100;30069200;30069300,30029000;30041000;30042000;30043200;30043900;30045000;30049000,
no,declared,54,30062000,1,1,198801,exports,3006,300620,202112,202201,72350467.00,Blood-grouping reagents,no,yes,2017->2022,no,yes,same_heading,9,0,9,45,45,45,45,30061000;30063000;30064000;30065000;30066000;30067000;30069100;30069200;30069300,4,0,30061000;30063000;30064000;30065000;30066000;30067000;30069100;30069200;30069300,30012000;30019000;30021200;30021300;30021400;30021500;30024100;30024200;30024900;30025100;30025900;30029010;30029090;30031000;30032000;30033100;30033900;30034200;30034900;30036000;30039000;30041000;30042000;30043100;30043200;30043900;30044100;30044200;30044300;30044900;30045000;30046000;30049010;30049090;30051000;30059000,30024100;30024200;30024900;30069300,
no,declared,234,30068000,1,1,200209,exports,3006,300680,200612,200701,4595187.00,Waste pharmaceuticals,no,yes,2002->2007,no,yes,same_heading,10,0,10,58,58,35,58,30061000;30062000;30063000;30064000;30065000;30066000;30067000;30069100;30069200,0,0,30061000;30062000;30063000;30064000;30065000;30066000;30067000;30069100;30069200;30069300,30012000;30019000;30021000;30021100;30021200;30021300;30021400;30021500;30021900;30022000;30023000;30023010;30023090;30024100;30024200;30024900;30025100;30025900;30029010;30029020;30029090;30031000;30032000;30033100;30033900;30034000;30034100;30034200;30034900;30036000;30039000;30041000;30042000;30043100;30043200;30043900;30044000;30044100;30044200;30044300;30044900;30045000;30046000;30049000;30049010;30049090;30051000;30059000,,
