uid,orig_hs_code,family_id,resolution_source,resolution_detail,official_adjudicated,official_agrees,boundary_crossed,confidence_tier,departure_from_official
IMR-3001100010-198801,3001.10.00.10,IM-3001100010-198801,analyst,the analyst accepted the proposal,no,,yes,approve,
IMR-3001100090-198801,3001.10.00.90,IM-3001100010-198801,analyst,the analyst accepted the proposal,no,,yes,approve,
IMR-3001200000-198801,3001.20.00.00,IM-3001200000-198801,never_retired,,not_applicable,,not_applicable,,
IMR-3001900010-199801,3001.90.00.10,IM-3001901000-198801,never_retired,,not_applicable,,not_applicable,,
IMR-3001900020-199801,3001.90.00.20,IM-3001902000-198801,never_retired,,not_applicable,,not_applicable,,
IMR-3001900090-199801,3001.90.00.90,IM-3001100010-198801,never_retired,,not_applicable,,not_applicable,,
IMR-3001900090-200201,3001.90.00.90,IM-3001100010-198801,never_retired,,not_applicable,,not_applicable,,
IMR-3001901000-198801,3001.90.10.00,IM-3001901000-198801,analyst,the analyst accepted the proposal,no,,no,approve,
IMR-3001902000-198801,3001.90.20.00,IM-3001902000-198801,analyst,the analyst accepted the proposal,no,,no,approve,
IMR-3001909000-198801,3001.90.90.00,IM-3001100010-198801,analyst,the analyst accepted the proposal,no,,no,approve,
IMR-3002100010-199801,3002.10.00.10,IM-3002101010-198801,official_record,"named outright by Canada's ten-digit concordance, 2016 to 2017",yes,yes,yes,decided,
IMR-3002100021-199801,3002.10.00.21,IM-3002101021-198801,official_record,"named outright by Canada's ten-digit concordance, 2016 to 2017",yes,yes,yes,decided,
IMR-3002100022-199801,3002.10.00.22,IM-3002101022-198801,official_record,"named outright by Canada's ten-digit concordance, 2016 to 2017",yes,yes,yes,decided,
IMR-3002100023-199801,3002.10.00.23,IM-3002101023-199001,official_record,"named outright by Canada's ten-digit concordance, 2016 to 2017",yes,yes,yes,decided,
IMR-3002100029-199801,3002.10.00.29,IM-3002101022-198801,official_record,"named outright by Canada's ten-digit concordance, 2016 to 2017",yes,yes,yes,decided,
IMR-3002100030-199801,3002.10.00.30,IM-3002101022-198801,analyst,the analyst accepted the proposal,yes,yes,yes,approve,
IMR-3002100030-200201,3002.10.00.30,IM-3002101022-198801,analyst,the analyst accepted the proposal,yes,yes,yes,approve,
IMR-3002100041-199801,3002.10.00.41,IM-3002102110-198801,official_record,"named outright by Canada's ten-digit concordance, 2016 to 2017",yes,yes,yes,decided,
IMR-3002100042-199801,3002.10.00.42,IM-3002102110-198801,official_record,"named outright by Canada's ten-digit concordance, 2016 to 2017",yes,yes,yes,decided,
IMR-3002100049-199801,3002.10.00.49,IM-3002102110-198801,official_record,"named outright by Canada's ten-digit concordance, 2016 to 2017",yes,yes,yes,decided,
IMR-3002100049-200201,3002.10.00.49,IM-3002102110-198801,official_record,"named outright by Canada's ten-digit concordance, 2016 to 2017",yes,yes,yes,decided,
IMR-3002100051-199801,3002.10.00.51,IM-3002102110-198801,official_record,"named outright by Canada's ten-digit concordance, 2016 to 2017",yes,yes,yes,decided,
IMR-3002100059-199801,3002.10.00.59,IM-3002102920-198801,official_record,"named outright by Canada's ten-digit concordance, 2016 to 2017",yes,yes,yes,decided,
IMR-3002100060-200302,3002.10.00.60,IM-3002901020-198801,analyst;official_record,"named outright by Canada's ten-digit concordance, 2011 to 2012 | the analyst accepted the proposal | the analyst rejected the proposal and named 3002.90.00.90 instead",yes,yes,yes,approve;decided;reject_named,
IMR-3002100090-201201,3002.10.00.90,IM-3002901020-198801,analyst,the analyst accepted the proposal | the analyst rejected the proposal and named 3002.90.00.90 instead,yes,yes,yes,approve;reject_named,
IMR-3002101010-198801,3002.10.10.10,IM-3002101010-198801,analyst;official_record,"the analyst accepted the proposal | named outright by Canada's ten-digit concordance, 2016 to 2017",yes,yes,yes,approve;decided,
IMR-3002101021-198801,3002.10.10.21,IM-3002101021-198801,analyst;official_record,"the analyst accepted the proposal | named outright by Canada's ten-digit concordance, 2016 to 2017",yes,yes,yes,approve;decided,
IMR-3002101022-198801,3002.10.10.22,IM-3002101022-198801,analyst;official_record,"the analyst accepted the proposal | named outright by Canada's ten-digit concordance, 2016 to 2017",yes,yes,yes,approve;decided,
IMR-3002101023-199001,3002.10.10.23,IM-3002101023-199001,analyst;official_record,"the analyst accepted the proposal | named outright by Canada's ten-digit concordance, 2016 to 2017",yes,yes,yes,approve;decided,
IMR-3002101029-198801,3002.10.10.29,IM-3002101022-198801,analyst;official_record,"the analyst accepted the proposal | named outright by Canada's ten-digit concordance, 2016 to 2017",yes,yes,yes,approve;decided,
IMR-3002101090-198801,3002.10.10.90,IM-3002101022-198801,analyst,the analyst accepted the proposal | the analyst accepted the proposal,yes,yes,yes,approve,
IMR-3002102110-198801,3002.10.21.10,IM-3002102110-198801,analyst;official_record,"the analyst accepted the proposal | named outright by Canada's ten-digit concordance, 2016 to 2017",yes,yes,yes,approve;decided,
IMR-3002102120-198801,3002.10.21.20,IM-3002102110-198801,analyst;official_record,"the analyst accepted the proposal | named outright by Canada's ten-digit concordance, 2016 to 2017",yes,yes,yes,approve;decided,
IMR-3002102190-198801,3002.10.21.90,IM-3002102110-198801,analyst;official_record,"the analyst accepted the proposal | named outright by Canada's ten-digit concordance, 2016 to 2017",yes,yes,yes,approve;decided,
IMR-3002102910-198801,3002.10.29.10,IM-3002102110-198801,analyst;official_record,"the analyst accepted the proposal | named outright by Canada's ten-digit concordance, 2016 to 2017",yes,yes,yes,approve;decided,
IMR-3002102920-198801,3002.10.29.20,IM-3002102920-198801,analyst;official_record,"the analyst accepted the proposal | the analyst accepted the proposal | named outright by Canada's ten-digit concordance, 2016 to 2017",yes,yes,yes,approve;decided,
IMR-3002102990-198801,3002.10.29.90,IM-3002102920-198801,analyst;official_record,"the analyst accepted the proposal | named outright by Canada's ten-digit concordance, 2016 to 2017",yes,yes,yes,approve;decided,
IMR-3002110000-201701,3002.11.00.00,IM-3002110000-201701,analyst,the analyst rejected the proposal and recorded no successor in this chapter,no,,yes,reject_none,
IMR-3002120011-201701,3002.12.00.11,IM-3002101010-198801,never_retired,,not_applicable,,not_applicable,,
IMR-3002120012-201701,3002.12.00.12,IM-3002101021-198801,never_retired,,not_applicable,,not_applicable,,
IMR-3002120013-201701,3002.12.00.13,IM-3002101023-199001,never_retired,,not_applicable,,not_applicable,,
IMR-3002120019-201701,3002.12.00.19,IM-3002101022-198801,never_retired,,not_applicable,,not_applicable,,
IMR-3002120021-201701,3002.12.00.21,IM-3002102110-198801,never_retired,,not_applicable,,not_applicable,,
IMR-3002120029-201701,3002.12.00.29,IM-3002102920-198801,never_retired,,not_applicable,,not_applicable,,
IMR-3002130000-201701,3002.13.00.00,IM-3002130000-201701,never_retired,,not_applicable,,not_applicable,,
IMR-3002140000-201701,3002.14.00.00,IM-3002140000-201701,never_retired,,not_applicable,,not_applicable,,
IMR-3002150000-201701,3002.15.00.00,IM-3002150000-201701,never_retired,,not_applicable,,not_applicable,,
IMR-3002190000-201701,3002.19.00.00,IM-3002901020-198801,analyst,the analyst rejected the proposal and named 3002.90.00.90 instead,no,,yes,reject_named,
IMR-3002200010-198802,3002.20.00.10,IM-3002200010-198802,analyst,the analyst accepted the proposal,no,,yes,approve,
IMR-3002200020-198801,3002.20.00.20,IM-3002200020-198801,analyst;official_record,"named outright by Canada's ten-digit concordance, 2011 to 2012 | the analyst rejected the proposal and named 3002.41.00.90 instead",yes,yes,yes,decided;reject_named,
IMR-3002200030-198801,3002.20.00.30,IM-3002200020-198801,analyst;official_record,"named outright by Canada's ten-digit concordance, 2011 to 2012 | the analyst rejected the proposal and named 3002.41.00.90 instead",yes,yes,yes,decided;reject_named,
IMR-3002200090-198801,3002.20.00.90,IM-3002200020-198801,analyst,the analyst rejected the proposal and named 3002.41.00.90 instead,no,,yes,reject_named,
IMR-3002300010-199801,3002.30.00.10,IM-3002391000-198801,analyst,the analyst accepted the proposal,no,,yes,approve,
IMR-3002300090-199801,3002.30.00.90,IM-3002310000-198801,analyst,the analyst accepted the proposal,no,,yes,approve,
IMR-3002301000-199601,3002.30.10.00,IM-3002391000-198801,analyst,the analyst accepted the proposal | the analyst accepted the proposal,no,,yes,approve,
IMR-3002309000-199601,3002.30.90.00,IM-3002310000-198801,analyst,the analyst accepted the proposal | the analyst accepted the proposal,no,,yes,approve,
IMR-3002310000-198801,3002.31.00.00,IM-3002310000-198801,analyst,the analyst accepted the proposal | the analyst accepted the proposal | the analyst accepted the proposal,no,,yes,approve,
IMR-3002391000-198801,3002.39.10.00,IM-3002391000-198801,analyst,the analyst accepted the proposal | the analyst accepted the proposal | the analyst accepted the proposal,no,,yes,approve,
IMR-3002399000-198801,3002.39.90.00,IM-3002310000-198801,analyst,the analyst accepted the proposal | the analyst accepted the proposal | the analyst accepted the proposal,no,,yes,approve,
IMR-3002410010-202201,3002.41.00.10,IM-3002200010-198802,never_retired,,not_applicable,,not_applicable,,
IMR-3002410090-202201,3002.41.00.90,IM-3002200020-198801,never_retired,,not_applicable,,not_applicable,,
IMR-3002420010-202201,3002.42.00.10,IM-3002391000-198801,never_retired,,not_applicable,,not_applicable,,
IMR-3002420090-202201,3002.42.00.90,IM-3002310000-198801,never_retired,,not_applicable,,not_applicable,,
IMR-3002490010-202201,3002.49.00.10,IM-3002900050-201701,never_retired,,not_applicable,,not_applicable,,
IMR-3002490020-202201,3002.49.00.20,IM-3002901010-198801,never_retired,,not_applicable,,not_applicable,,
IMR-3002490090-202201,3002.49.00.90,IM-3002490090-202201,never_retired,,not_applicable,,not_applicable,,
IMR-3002510000-202201,3002.51.00.00,IM-3002510000-202201,never_retired,,not_applicable,,not_applicable,,
IMR-3002590000-202201,3002.59.00.00,IM-3002590000-202201,never_retired,,not_applicable,,not_applicable,,
IMR-3002900010-201701,3002.90.00.10,IM-3002901010-198801,analyst,the analyst rejected the proposal and named 3002.49.00.20 instead,no,,yes,reject_named,
IMR-3002900011-199801,3002.90.00.11,IM-3002901010-198801,analyst;official_record,"named outright by Canada's ten-digit concordance, 2016 to 2017 | the analyst rejected the proposal and named 3002.49.00.20 instead",yes,yes,yes,decided;reject_named,
IMR-3002900012-200003,3002.90.00.12,IM-3002901010-198801,analyst;official_record,"named outright by Canada's ten-digit concordance, 2016 to 2017 | the analyst rejected the proposal and named 3002.49.00.20 instead",yes,yes,yes,decided;reject_named,
IMR-3002900019-199801,3002.90.00.19,IM-3002901010-198801,analyst;official_record,"named outright by Canada's ten-digit concordance, 2016 to 2017 | the analyst rejected the proposal and named 3002.49.00.20 instead",yes,yes,yes,decided;reject_named,
IMR-3002900020-199801,3002.90.00.20,IM-3002901020-198801,official_record,"named outright by Canada's ten-digit concordance, 2016 to 2017",yes,yes,yes,decided,
IMR-3002900020-202201,3002.90.00.20,IM-3002900020-202201,never_retired,,not_applicable,,not_applicable,,
IMR-3002900030-199802,3002.90.00.30,IM-3002901040-198801,never_retired,,not_applicable,,not_applicable,,
IMR-3002900040-201701,3002.90.00.40,IM-3002909020-199104,never_retired,,not_applicable,,not_applicable,,
IMR-3002900050-201701,3002.90.00.50,IM-3002900050-201701,analyst,the analyst accepted the proposal,no,,yes,approve,
IMR-3002900090-201701,3002.90.00.90,IM-3002901020-198801,never_retired,,not_applicable,,not_applicable,,
IMR-3002900090-202201,3002.90.00.90,IM-3002901020-198801,never_retired,,not_applicable,,not_applicable,,
IMR-3002900091-199801,3002.90.00.91,IM-3002901020-198801,official_record,"named outright by Canada's ten-digit concordance, 2016 to 2017",yes,yes,yes,decided,
IMR-3002900091-200201,3002.90.00.91,IM-3002901020-198801,official_record,"named outright by Canada's ten-digit concordance, 2016 to 2017",yes,yes,yes,decided,
IMR-3002900092-199801,3002.90.00.92,IM-3002909020-199104,official_record,"named outright by Canada's ten-digit concordance, 2016 to 2017",yes,yes,yes,decided,
IMR-3002900093-199802,3002.90.00.93,IM-3002901020-198801,official_record,"named outright by Canada's ten-digit concordance, 2016 to 2017",yes,yes,yes,decided,
IMR-3002900099-199801,3002.90.00.99,IM-3002901020-198801,analyst,the analyst accepted the proposal,yes,yes,yes,approve,
IMR-3002900099-201201,3002.90.00.99,IM-3002901020-198801,analyst,the analyst accepted the proposal,yes,yes,yes,approve,
IMR-3002901010-198801,3002.90.10.10,IM-3002901010-198801,analyst;official_record,"the analyst accepted the proposal | named outright by Canada's ten-digit concordance, 2016 to 2017 | the analyst rejected the proposal and named 3002.49.00.20 instead",yes,yes,yes,approve;decided;reject_named,
IMR-3002901011-199701,3002.90.10.11,IM-3002901010-198801,analyst;official_record,"the analyst accepted the proposal | named outright by Canada's ten-digit concordance, 2016 to 2017 | the analyst rejected the proposal and named 3002.49.00.20 instead",yes,yes,yes,approve;decided;reject_named,
IMR-3002901019-199701,3002.90.10.19,IM-3002901010-198801,analyst;official_record,"the analyst accepted the proposal | named outright by Canada's ten-digit concordance, 2016 to 2017 | the analyst rejected the proposal and named 3002.49.00.20 instead",yes,yes,yes,approve;decided;reject_named,
IMR-3002901020-198801,3002.90.10.20,IM-3002901020-198801,analyst;official_record,"the analyst accepted the proposal | named outright by Canada's ten-digit concordance, 2016 to 2017",yes,yes,yes,approve;decided,
IMR-3002901030-198801,3002.90.10.30,IM-3002901020-198801,analyst,the analyst rejected the proposal and named 3002.90.00.99 instead | the analyst accepted the proposal,yes,yes,yes,approve;reject_named,
IMR-3002901040-198801,3002.90.10.40,IM-3002901040-198801,analyst,the analyst accepted the proposal,no,,no,approve,
IMR-3002909010-198801,3002.90.90.10,IM-3002901020-198801,analyst;official_record,"the analyst accepted the proposal | named outright by Canada's ten-digit concordance, 2016 to 2017",yes,yes,yes,approve;decided,
IMR-3002909020-199104,3002.90.90.20,IM-3002909020-199104,analyst;official_record,"the analyst accepted the proposal | named outright by Canada's ten-digit concordance, 2016 to 2017",yes,yes,yes,approve;decided,
IMR-3002909030-199004,3002.90.90.30,IM-3002901020-198801,analyst;official_record,"the analyst accepted the proposal | named outright by Canada's ten-digit concordance, 2016 to 2017",yes,yes,yes,approve;decided,
IMR-3002909090-198801,3002.90.90.90,IM-3002901020-198801,analyst,the analyst accepted the proposal | the analyst accepted the proposal,yes,yes,yes,approve,
IMR-3003100000-198801,3003.10.00.00,IM-3003100000-198801,never_retired,,not_applicable,,not_applicable,,
IMR-3003100000-200201,3003.10.00.00,IM-3003100000-198801,never_retired,,not_applicable,,not_applicable,,
IMR-3003200000-198801,3003.20.00.00,IM-3003200000-198801,never_retired,,not_applicable,,not_applicable,,
IMR-3003200000-200201,3003.20.00.00,IM-3003200000-198801,never_retired,,not_applicable,,not_applicable,,
IMR-3003310000-201201,3003.31.00.00,IM-3003319900-198801,delivery,"the delivery declares no termination for this line and the number was never reused, so trade ceased without the classification ending",no,,no,no_termination_declared,
IMR-3003310010-199802,3003.31.00.10,IM-3003319900-198801,delivery;official_record,"named outright by Canada's ten-digit concordance, 2011 to 2012 | the delivery declares no termination for this line and the number was never reused, so trade ceased without the classification ending",yes,yes,yes,decided;no_termination_declared,
IMR-3003310090-199801,3003.31.00.90,IM-3003319900-198801,delivery;official_record,"named outright by Canada's ten-digit concordance, 2011 to 2012 | the delivery declares no termination for this line and the number was never reused, so trade ceased without the classification ending",yes,yes,yes,decided;no_termination_declared,
IMR-3003311000-198803,3003.31.10.00,IM-3003319900-198801,analyst;delivery;official_record,"the analyst accepted the proposal | named outright by Canada's ten-digit concordance, 2011 to 2012 | the delivery declares no termination for this line and the number was never reused, so trade ceased without the classification ending",yes,yes,yes,approve;decided;no_termination_declared,
IMR-3003319100-198802,3003.31.91.00,IM-3003319900-198801,analyst;delivery;official_record,"the analyst accepted the proposal | the analyst accepted the proposal | named outright by Canada's ten-digit concordance, 2011 to 2012 | the delivery declares no termination for this line and the number was never reused, so trade ceased without the classification ending",yes,yes,yes,approve;decided;no_termination_declared,
IMR-3003319900-198801,3003.31.99.00,IM-3003319900-198801,analyst;delivery;official_record,"the analyst accepted the proposal | named outright by Canada's ten-digit concordance, 2011 to 2012 | the delivery declares no termination for this line and the number was never reused, so trade ceased without the classification ending",yes,yes,yes,approve;decided;no_termination_declared,
IMR-3003390000-201201,3003.39.00.00,IM-3003391000-198801,never_retired,,not_applicable,,not_applicable,,
IMR-3003390010-199801,3003.39.00.10,IM-3003391000-198801,official_record,"named outright by Canada's ten-digit concordance, 2011 to 2012",yes,yes,yes,decided,
IMR-3003390010-200201,3003.39.00.10,IM-3003391000-198801,official_record,"named outright by Canada's ten-digit concordance, 2011 to 2012",yes,yes,yes,decided,
IMR-3003390090-199801,3003.39.00.90,IM-3003391000-198801,official_record,"named outright by Canada's ten-digit concordance, 2011 to 2012",yes,yes,yes,decided,
IMR-3003391000-198801,3003.39.10.00,IM-3003391000-198801,analyst;official_record,"the analyst accepted the proposal | named outright by Canada's ten-digit concordance, 2011 to 2012",yes,yes,yes,approve;decided,
IMR-3003399100-198801,3003.39.91.00,IM-3003391000-198801,analyst;official_record,"the analyst accepted the proposal | named outright by Canada's ten-digit concordance, 2011 to 2012",yes,yes,yes,approve;decided,
IMR-3003399900-198801,3003.39.99.00,IM-3003391000-198801,analyst;official_record,"the analyst accepted the proposal | named outright by Canada's ten-digit concordance, 2011 to 2012",yes,yes,yes,approve;decided,
IMR-3003400000-199801,3003.40.00.00,IM-3003409000-198802,analyst,the analyst accepted the proposal,yes,yes,yes,approve,
IMR-3003401000-199203,3003.40.10.00,IM-3003409000-198802,analyst,the analyst accepted the proposal | the analyst accepted the proposal | the analyst accepted the proposal,yes,yes,yes,approve,
IMR-3003409000-198802,3003.40.90.00,IM-3003409000-198802,analyst,the analyst accepted the proposal | the analyst accepted the proposal,yes,yes,yes,approve,
IMR-3003410000-201706,3003.41.00.00,IM-3003410000-201706,delivery,"the delivery declares no termination for this line and the number was never reused, so trade ceased without the classification ending",no,,no,no_termination_declared,
IMR-3003420000-202209,3003.42.00.00,IM-3003420000-202209,delivery,"the delivery declares no termination for this line and the number was never reused, so trade ceased without the classification ending",no,,no,no_termination_declared,
IMR-3003430000-201701,3003.43.00.00,IM-3003430000-201701,delivery,"the delivery declares no termination for this line and the number was never reused, so trade ceased without the classification ending",no,,no,no_termination_declared,
IMR-3003490000-201701,3003.49.00.00,IM-3003409000-198802,never_retired,,not_applicable,,not_applicable,,
IMR-3003600000-201701,3003.60.00.00,IM-3003600000-201701,delivery,"the delivery declares no termination for this line and the number was never reused, so trade ceased without the classification ending",no,,no,no_termination_declared,
IMR-3003900010-199801,3003.90.00.10,IM-3003901000-198801,official_record,"named outright by Canada's ten-digit concordance, 2011 to 2012",yes,yes,yes,decided,
IMR-3003900020-199801,3003.90.00.20,IM-3003901000-198801,official_record,"named outright by Canada's ten-digit concordance, 2011 to 2012",yes,yes,yes,decided,
IMR-3003900030-201201,3003.90.00.30,IM-3003909910-199501,never_retired,,not_applicable,,not_applicable,,
IMR-3003900030-201701,3003.90.00.30,IM-3003909910-199501,never_retired,,not_applicable,,not_applicable,,
IMR-3003900090-201201,3003.90.00.90,IM-3003901000-198801,never_retired,,not_applicable,,not_applicable,,
IMR-3003900090-201701,3003.90.00.90,IM-3003901000-198801,never_retired,,not_applicable,,not_applicable,,
IMR-3003900091-199801,3003.90.00.91,IM-3003909910-199501,official_record,"named outright by Canada's ten-digit concordance, 2011 to 2012",yes,yes,yes,decided,
IMR-3003900099-199801,3003.90.00.99,IM-3003901000-198801,official_record,"named outright by Canada's ten-digit concordance, 2011 to 2012",yes,yes,yes,decided,
IMR-3003900099-200201,3003.90.00.99,IM-3003901000-198801,official_record,"named outright by Canada's ten-digit concordance, 2011 to 2012",yes,yes,yes,decided,
IMR-3003901000-198801,3003.90.10.00,IM-3003901000-198801,analyst;official_record,"the analyst accepted the proposal | named outright by Canada's ten-digit concordance, 2011 to 2012",yes,yes,yes,approve;decided,
IMR-3003909100-198801,3003.90.91.00,IM-3003901000-198801,analyst;official_record,"the analyst accepted the proposal | named outright by Canada's ten-digit concordance, 2011 to 2012",yes,yes,yes,approve;decided,
IMR-3003909900-198801,3003.90.99.00,IM-3003901000-198801,analyst;official_record,"the analyst accepted the proposal | the analyst accepted the proposal | named outright by Canada's ten-digit concordance, 2011 to 2012",yes,yes,yes,approve;decided,
IMR-3003909910-199501,3003.90.99.10,IM-3003909910-199501,analyst;official_record,"the analyst accepted the proposal | named outright by Canada's ten-digit concordance, 2011 to 2012",yes,yes,yes,approve;decided,
IMR-3003909990-199501,3003.90.99.90,IM-3003901000-198801,analyst;official_record,"the analyst accepted the proposal | named outright by Canada's ten-digit concordance, 2011 to 2012",yes,yes,yes,approve;decided,
IMR-3004100010-201201,3004.10.00.10,IM-3004100011-198801,never_retired,,not_applicable,,not_applicable,,
IMR-3004100011-198801,3004.10.00.11,IM-3004100011-198801,official_record,"named outright by Canada's ten-digit concordance, 2011 to 2012",yes,yes,yes,decided,
IMR-3004100011-200208,3004.10.00.11,IM-3004100011-198801,official_record,"named outright by Canada's ten-digit concordance, 2011 to 2012",yes,yes,yes,decided,
IMR-3004100012-198801,3004.10.00.12,IM-3004100011-198801,official_record,"named outright by Canada's ten-digit concordance, 2011 to 2012",yes,yes,yes,decided,
IMR-3004100012-199208,3004.10.00.12,IM-3004100011-198801,official_record,"named outright by Canada's ten-digit concordance, 2011 to 2012",yes,yes,yes,decided,
IMR-3004100012-200304,3004.10.00.12,IM-3004100011-198801,official_record,"named outright by Canada's ten-digit concordance, 2011 to 2012",yes,yes,yes,decided,
IMR-3004100013-198801,3004.10.00.13,IM-3004100011-198801,official_record,"named outright by Canada's ten-digit concordance, 2011 to 2012",yes,yes,yes,decided,
IMR-3004100013-199201,3004.10.00.13,IM-3004100011-198801,official_record,"named outright by Canada's ten-digit concordance, 2011 to 2012",yes,yes,yes,decided,
IMR-3004100013-200201,3004.10.00.13,IM-3004100011-198801,official_record,"named outright by Canada's ten-digit concordance, 2011 to 2012",yes,yes,yes,decided,
IMR-3004100014-198801,3004.10.00.14,IM-3004100011-198801,analyst;official_record,"the analyst accepted the proposal | named outright by Canada's ten-digit concordance, 2011 to 2012",yes,yes,yes,approve;decided,
IMR-3004100019-198801,3004.10.00.19,IM-3004100011-198801,official_record,"named outright by Canada's ten-digit concordance, 2011 to 2012",yes,yes,yes,decided,
IMR-3004100019-200201,3004.10.00.19,IM-3004100011-198801,official_record,"named outright by Canada's ten-digit concordance, 2011 to 2012",yes,yes,yes,decided,
IMR-3004100020-198801,3004.10.00.20,IM-3004100011-198801,official_record,"named outright by Canada's ten-digit concordance, 2011 to 2012",yes,yes,yes,decided,
IMR-3004100020-200201,3004.10.00.20,IM-3004100011-198801,official_record,"named outright by Canada's ten-digit concordance, 2011 to 2012",yes,yes,yes,decided,
IMR-3004100031-198801,3004.10.00.31,IM-3004100031-198801,official_record,"named outright by Canada's ten-digit concordance, 2011 to 2012",yes,yes,yes,decided,
IMR-3004100031-200201,3004.10.00.31,IM-3004100031-198801,official_record,"named outright by Canada's ten-digit concordance, 2011 to 2012",yes,yes,yes,decided,
IMR-3004100032-198802,3004.10.00.32,IM-3004100031-198801,official_record,"named outright by Canada's ten-digit concordance, 2011 to 2012",yes,yes,yes,decided,
IMR-3004100032-200201,3004.10.00.32,IM-3004100031-198801,official_record,"named outright by Canada's ten-digit concordance, 2011 to 2012",yes,yes,yes,decided,
IMR-3004100090-201201,3004.10.00.90,IM-3004100031-198801,never_retired,,not_applicable,,not_applicable,,
IMR-3004200010-198801,3004.20.00.10,IM-3004200010-198801,official_record,"named outright by Canada's ten-digit concordance, 2011 to 2012",yes,yes,yes,decided,
IMR-3004200010-200201,3004.20.00.10,IM-3004200010-198801,official_record,"named outright by Canada's ten-digit concordance, 2011 to 2012",yes,yes,yes,decided,
IMR-3004200011-201201,3004.20.00.11,IM-3004200020-198801,never_retired,,not_applicable,,not_applicable,,
IMR-3004200012-201201,3004.20.00.12,IM-3004200063-198801,never_retired,,not_applicable,,not_applicable,,
IMR-3004200013-201201,3004.20.00.13,IM-3004200031-198801,never_retired,,not_applicable,,not_applicable,,
IMR-3004200018-201201,3004.20.00.18,IM-3004200039-198801,never_retired,,not_applicable,,not_applicable,,
IMR-3004200019-201201,3004.20.00.19,IM-3004200010-198801,never_retired,,not_applicable,,not_applicable,,
IMR-3004200020-198801,3004.20.00.20,IM-3004200020-198801,official_record,"named outright by Canada's ten-digit concordance, 2011 to 2012",yes,yes,yes,decided,
IMR-3004200031-198801,3004.20.00.31,IM-3004200031-198801,official_record,"named outright by Canada's ten-digit concordance, 2011 to 2012",yes,yes,yes,decided,
IMR-3004200039-198801,3004.20.00.39,IM-3004200039-198801,official_record,"named outright by Canada's ten-digit concordance, 2011 to 2012",yes,yes,yes,decided,
IMR-3004200039-200201,3004.20.00.39,IM-3004200039-198801,official_record,"named outright by Canada's ten-digit concordance, 2011 to 2012",yes,yes,yes,decided,
IMR-3004200041-198801,3004.20.00.41,IM-3004200010-198801,official_record,"named outright by Canada's ten-digit concordance, 2011 to 2012",yes,yes,yes,decided,
IMR-3004200042-198910,3004.20.00.42,IM-3004200010-198801,analyst;official_record,"the analyst preferred the second alternative to the proposal | named outright by Canada's ten-digit concordance, 2011 to 2012",yes,yes,yes,decided;second,
IMR-3004200049-198801,3004.20.00.49,IM-3004200010-198801,official_record,"named outright by Canada's ten-digit concordance, 2011 to 2012",yes,yes,yes,decided,
IMR-3004200051-199003,3004.20.00.51,IM-3004200010-198801,official_record,"named outright by Canada's ten-digit concordance, 2011 to 2012",yes,yes,yes,decided,
IMR-3004200052-198801,3004.20.00.52,IM-3004200010-198801,analyst;official_record,"the analyst preferred the second alternative to the proposal | named outright by Canada's ten-digit concordance, 2011 to 2012",yes,yes,yes,decided;second,
IMR-3004200059-198801,3004.20.00.59,IM-3004200010-198801,official_record,"named outright by Canada's ten-digit concordance, 2011 to 2012",yes,yes,yes,decided,
IMR-3004200059-199801,3004.20.00.59,IM-3004200010-198801,official_record,"named outright by Canada's ten-digit concordance, 2011 to 2012",yes,yes,yes,decided,
IMR-3004200061-198802,3004.20.00.61,IM-3004200010-198801,official_record,"named outright by Canada's ten-digit concordance, 2011 to 2012",yes,yes,yes,decided,
IMR-3004200062-198803,3004.20.00.62,IM-3004200010-198801,official_record,"named outright by Canada's ten-digit concordance, 2011 to 2012",yes,yes,yes,decided,
IMR-3004200063-198801,3004.20.00.63,IM-3004200063-198801,official_record,"named outright by Canada's ten-digit concordance, 2011 to 2012",yes,yes,yes,decided,
IMR-3004200064-198801,3004.20.00.64,IM-3004200010-198801,analyst;official_record,"the analyst preferred the second alternative to the proposal | named outright by Canada's ten-digit concordance, 2011 to 2012",yes,yes,yes,decided;second,
IMR-3004200064-199112,3004.20.00.64,IM-3004200010-198801,analyst;official_record,"the analyst preferred the second alternative to the proposal | named outright by Canada's ten-digit concordance, 2011 to 2012",yes,yes,yes,decided;second,
IMR-3004200065-198812,3004.20.00.65,IM-3004200010-198801,analyst;official_record,"the analyst accepted the proposal | the analyst preferred the second alternative to the proposal | named outright by Canada's ten-digit concordance, 2011 to 2012",yes,yes,yes,approve;decided;second,
IMR-3004200066-198801,3004.20.00.66,IM-3004200010-198801,analyst;official_record,"the analyst preferred the second alternative to the proposal | named outright by Canada's ten-digit concordance, 2011 to 2012",yes,yes,yes,decided;second,
IMR-3004200069-198801,3004.20.00.69,IM-3004200010-198801,official_record,"named outright by Canada's ten-digit concordance, 2011 to 2012",yes,yes,yes,decided,
IMR-3004200070-198801,3004.20.00.70,IM-3004200070-198801,analyst;official_record,"the analyst accepted the proposal | named outright by Canada's ten-digit concordance, 2011 to 2012",yes,yes,yes,approve;decided,
IMR-3004200071-198901,3004.20.00.71,IM-3004200071-198901,official_record,"named outright by Canada's ten-digit concordance, 2011 to 2012",yes,yes,yes,decided,
IMR-3004200071-200201,3004.20.00.71,IM-3004200071-198901,official_record,"named outright by Canada's ten-digit concordance, 2011 to 2012",yes,yes,yes,decided,
IMR-3004200079-198901,3004.20.00.79,IM-3004200070-198801,official_record,"named outright by Canada's ten-digit concordance, 2011 to 2012",yes,yes,yes,decided,
IMR-3004200079-200201,3004.20.00.79,IM-3004200070-198801,official_record,"named outright by Canada's ten-digit concordance, 2011 to 2012",yes,yes,yes,decided,
IMR-3004200080-201201,3004.20.00.80,IM-3004200071-198901,never_retired,,not_applicable,,not_applicable,,
IMR-3004200090-201201,3004.20.00.90,IM-3004200070-198801,never_retired,,not_applicable,,not_applicable,,
IMR-3004310000-201201,3004.31.00.00,IM-3004311000-198801,never_retired,,not_applicable,,not_applicable,,
IMR-3004310010-199801,3004.31.00.10,IM-3004311000-198801,official_record,"named outright by Canada's ten-digit concordance, 2011 to 2012",yes,yes,yes,decided,
IMR-3004310010-200201,3004.31.00.10,IM-3004311000-198801,official_record,"named outright by Canada's ten-digit concordance, 2011 to 2012",yes,yes,yes,decided,
IMR-3004310090-199801,3004.31.00.90,IM-3004311000-198801,official_record,"named outright by Canada's ten-digit concordance, 2011 to 2012",yes,yes,yes,decided,
IMR-3004311000-198801,3004.31.10.00,IM-3004311000-198801,analyst;official_record,"the analyst accepted the proposal | named outright by Canada's ten-digit concordance, 2011 to 2012",yes,yes,yes,approve;decided,
IMR-3004319900-198801,3004.31.99.00,IM-3004311000-198801,analyst;official_record,"the analyst accepted the proposal | named outright by Canada's ten-digit concordance, 2011 to 2012",yes,yes,yes,approve;decided,
IMR-3004320000-201201,3004.32.00.00,IM-3004329011-198801,never_retired,,not_applicable,,not_applicable,,
IMR-3004320010-199803,3004.32.00.10,IM-3004329011-198801,analyst;official_record,"the analyst preferred the second alternative to the proposal | named outright by Canada's ten-digit concordance, 2011 to 2012",yes,yes,yes,decided;second,
IMR-3004320011-200201,3004.32.00.11,IM-3004329011-198801,official_record,"named outright by Canada's ten-digit concordance, 2011 to 2012",yes,yes,yes,decided,
IMR-3004320019-200201,3004.32.00.19,IM-3004329011-198801,official_record,"named outright by Canada's ten-digit concordance, 2011 to 2012",yes,yes,yes,decided,
IMR-3004320020-200201,3004.32.00.20,IM-3004329011-198801,official_record,"named outright by Canada's ten-digit concordance, 2011 to 2012",yes,yes,yes,decided,
IMR-3004320081-199801,3004.32.00.81,IM-3004329011-198801,analyst;official_record,"the analyst accepted the proposal | named outright by Canada's ten-digit concordance, 2011 to 2012",yes,yes,yes,approve;decided,
IMR-3004320082-200011,3004.32.00.82,IM-3004329011-198801,analyst;official_record,"the analyst accepted the proposal | named outright by Canada's ten-digit concordance, 2011 to 2012",yes,yes,yes,approve;decided,
IMR-3004320089-199801,3004.32.00.89,IM-3004329011-198801,analyst;official_record,"the analyst rejected the proposal and named 3004.32.00.19 instead | named outright by Canada's ten-digit concordance, 2011 to 2012",yes,yes,yes,decided;reject_named,
IMR-3004320090-199801,3004.32.00.90,IM-3004329011-198801,analyst;official_record,"the analyst accepted the proposal | named outright by Canada's ten-digit concordance, 2011 to 2012",yes,yes,yes,approve;decided,
IMR-3004321000-198906,3004.32.10.00,IM-3004329011-198801,analyst;official_record,"the analyst accepted the proposal | the analyst preferred the second alternative to the proposal | named outright by Canada's ten-digit concordance, 2011 to 2012",yes,yes,yes,approve;decided;second,
IMR-3004329011-198801,3004.32.90.11,IM-3004329011-198801,analyst;official_record,"the analyst accepted the proposal | the analyst accepted the proposal | named outright by Canada's ten-digit concordance, 2011 to 2012",yes,yes,yes,approve;decided,
IMR-3004329012-198803,3004.32.90.12,IM-3004329011-198801,analyst;official_record,"the analyst preferred the second alternative to the proposal | the analyst rejected the proposal and named 3004.32.00.19 instead | named outright by Canada's ten-digit concordance, 2011 to 2012",yes,yes,yes,decided;reject_named;second,
IMR-3004329019-198801,3004.32.90.19,IM-3004329011-198801,analyst;official_record,"the analyst accepted the proposal | the analyst rejected the proposal and named 3004.32.00.19 instead | named outright by Canada's ten-digit concordance, 2011 to 2012",yes,yes,yes,approve;decided;reject_named,
IMR-3004329020-198802,3004.32.90.20,IM-3004329011-198801,analyst;official_record,"the analyst accepted the proposal | the analyst accepted the proposal | named outright by Canada's ten-digit concordance, 2011 to 2012",yes,yes,yes,approve;decided,
IMR-3004390010-199801,3004.39.00.10,IM-3004391000-198802,analyst,the analyst accepted the proposal,yes,yes,yes,approve,
IMR-3004390011-201201,3004.39.00.11,IM-3004391000-198802,never_retired,,not_applicable,,not_applicable,,
IMR-3004390012-201201,3004.39.00.12,IM-3004399910-198801,delivery,"the delivery declares no termination for this line and the number was never reused, so trade ceased without the classification ending",no,,no,no_termination_declared,
IMR-3004390013-201201,3004.39.00.13,IM-3004399930-198801,never_retired,,not_applicable,,not_applicable,,
IMR-3004390019-201201,3004.39.00.19,IM-3004399920-198801,never_retired,,not_applicable,,not_applicable,,
IMR-3004390081-199801,3004.39.00.81,IM-3004399910-198801,delivery;official_record,"named outright by Canada's ten-digit concordance, 2011 to 2012 | the delivery declares no termination for this line and the number was never reused, so trade ceased without the classification ending",yes,yes,yes,decided;no_termination_declared,
IMR-3004390082-199806,3004.39.00.82,IM-3004399920-198801,official_record,"named outright by Canada's ten-digit concordance, 2011 to 2012",yes,yes,yes,decided,
IMR-3004390083-199801,3004.39.00.83,IM-3004399930-198801,official_record,"named outright by Canada's ten-digit concordance, 2011 to 2012",yes,yes,yes,decided,
IMR-3004390084-199801,3004.39.00.84,IM-3004399920-198801,official_record,"named outright by Canada's ten-digit concordance, 2011 to 2012",yes,yes,yes,decided,
IMR-3004390085-199801,3004.39.00.85,IM-3004399920-198801,official_record,"named outright by Canada's ten-digit concordance, 2011 to 2012",yes,yes,yes,decided,
IMR-3004390090-199801,3004.39.00.90,IM-3004399960-198801,never_retired,,not_applicable,,not_applicable,,
IMR-3004390090-200201,3004.39.00.90,IM-3004399960-198801,never_retired,,not_applicable,,not_applicable,,
IMR-3004390090-201201,3004.39.00.90,IM-3004399960-198801,never_retired,,not_applicable,,not_applicable,,
IMR-3004391000-198802,3004.39.10.00,IM-3004391000-198802,analyst,the analyst accepted the proposal | the analyst accepted the proposal,yes,yes,yes,approve,
IMR-3004399100-198802,3004.39.91.00,IM-3004399920-198801,analyst;official_record,"the analyst accepted the proposal | named outright by Canada's ten-digit concordance, 2011 to 2012",yes,yes,yes,approve;decided,
IMR-3004399910-198801,3004.39.99.10,IM-3004399910-198801,analyst;delivery;official_record,"the analyst accepted the proposal | named outright by Canada's ten-digit concordance, 2011 to 2012 | the delivery declares no termination for this line and the number was never reused, so trade ceased without the classification ending",yes,yes,yes,approve;decided;no_termination_declared,
IMR-3004399920-198801,3004.39.99.20,IM-3004399920-198801,analyst;official_record,"the analyst accepted the proposal | named outright by Canada's ten-digit concordance, 2011 to 2012",yes,yes,yes,approve;decided,
IMR-3004399930-198801,3004.39.99.30,IM-3004399930-198801,analyst;official_record,"the analyst accepted the proposal | named outright by Canada's ten-digit concordance, 2011 to 2012",yes,yes,yes,approve;decided,
IMR-3004399940-198801,3004.39.99.40,IM-3004399920-198801,analyst;official_record,"the analyst accepted the proposal | named outright by Canada's ten-digit concordance, 2011 to 2012",yes,yes,yes,approve;decided,
IMR-3004399950-198801,3004.39.99.50,IM-3004399920-198801,analyst;official_record,"the analyst accepted the proposal | named outright by Canada's ten-digit concordance, 2011 to 2012",yes,yes,yes,approve;decided,
IMR-3004399960-198801,3004.39.99.60,IM-3004399960-198801,analyst,the analyst accepted the proposal,no,,no,approve,
IMR-3004400010-199801,3004.40.00.10,IM-3004409019-198801,analyst;official_record,"named outright by Canada's ten-digit concordance, 2011 to 2012 | the analyst accepted the proposal",yes,yes,yes,approve;decided,
IMR-3004400020-199801,3004.40.00.20,IM-3004409019-198801,analyst;official_record,"named outright by Canada's ten-digit concordance, 2011 to 2012 | the analyst accepted the proposal",yes,yes,yes,approve;decided,
IMR-3004400030-199801,3004.40.00.30,IM-3004409019-198801,official_record,"named outright by Canada's ten-digit concordance, 2016 to 2017",yes,yes,yes,decided,
IMR-3004400040-199801,3004.40.00.40,IM-3004409050-198801,official_record,"named outright by Canada's ten-digit concordance, 2016 to 2017",yes,yes,yes,decided,
IMR-3004400040-200201,3004.40.00.40,IM-3004409050-198801,official_record,"named outright by Canada's ten-digit concordance, 2016 to 2017",yes,yes,yes,decided,
IMR-3004400050-199803,3004.40.00.50,IM-3004409019-198801,analyst;official_record,"named outright by Canada's ten-digit concordance, 2011 to 2012 | the analyst accepted the proposal",yes,yes,yes,approve;decided,
IMR-3004400080-199801,3004.40.00.80,IM-3004409019-198801,analyst;official_record,"named outright by Canada's ten-digit concordance, 2011 to 2012 | the analyst accepted the proposal",yes,yes,yes,approve;decided,
IMR-3004400090-199801,3004.40.00.90,IM-3004409019-198801,analyst,the analyst accepted the proposal,yes,yes,yes,approve,
IMR-3004400090-200201,3004.40.00.90,IM-3004409019-198801,analyst,the analyst accepted the proposal,yes,yes,yes,approve,
IMR-3004401000-198803,3004.40.10.00,IM-3004409019-198801,analyst;official_record,"the analyst accepted the proposal | named outright by Canada's ten-digit concordance, 2011 to 2012 | the analyst accepted the proposal",yes,yes,yes,approve;decided,
IMR-3004409011-199008,3004.40.90.11,IM-3004409019-198801,analyst;official_record,"the analyst preferred the second alternative to the proposal | named outright by Canada's ten-digit concordance, 2011 to 2012 | the analyst accepted the proposal",yes,yes,yes,approve;decided;second,
IMR-3004409019-198801,3004.40.90.19,IM-3004409019-198801,analyst;official_record,"the analyst accepted the proposal | named outright by Canada's ten-digit concordance, 2011 to 2012 | the analyst accepted the proposal",yes,yes,yes,approve;decided,
IMR-3004409020-198802,3004.40.90.20,IM-3004409019-198801,analyst,the analyst rejected the proposal and named 3004.40.00.90 instead | the analyst accepted the proposal,yes,yes,yes,approve;reject_named,
IMR-3004409030-198802,3004.40.90.30,IM-3004409019-198801,analyst;official_record,"the analyst accepted the proposal | named outright by Canada's ten-digit concordance, 2011 to 2012 | the analyst accepted the proposal",yes,yes,yes,approve;decided,
IMR-3004409040-198801,3004.40.90.40,IM-3004409019-198801,analyst;official_record,"the analyst accepted the proposal | named outright by Canada's ten-digit concordance, 2016 to 2017",yes,yes,yes,approve;decided,
IMR-3004409050-198801,3004.40.90.50,IM-3004409050-198801,analyst;official_record,"the analyst accepted the proposal | named outright by Canada's ten-digit concordance, 2016 to 2017",yes,yes,yes,approve;decided,
IMR-3004409060-199111,3004.40.90.60,IM-3004409019-198801,analyst;official_record,"the analyst rejected the proposal and named 3004.40.90.80 instead | the analyst accepted the proposal | named outright by Canada's ten-digit concordance, 2011 to 2012 | the analyst accepted the proposal",yes,yes,yes,approve;decided;reject_named,
IMR-3004409070-198805,3004.40.90.70,IM-3004409019-198801,analyst;official_record,"the analyst accepted the proposal | named outright by Canada's ten-digit concordance, 2011 to 2012 | the analyst accepted the proposal",yes,yes,yes,approve;decided,
IMR-3004409080-198802,3004.40.90.80,IM-3004409019-198801,analyst;official_record,"the analyst accepted the proposal | named outright by Canada's ten-digit concordance, 2011 to 2012 | the analyst accepted the proposal",yes,yes,yes,approve;decided,
IMR-3004409090-198801,3004.40.90.90,IM-3004409019-198801,analyst,the analyst accepted the proposal | the analyst accepted the proposal,yes,yes,yes,approve,
IMR-3004410000-201701,3004.41.00.00,IM-3004410000-201701,delivery,"the delivery declares no termination for this line and the number was never reused, so trade ceased without the classification ending",no,,no,no_termination_declared,
IMR-3004420000-201701,3004.42.00.00,IM-3004420000-201701,never_retired,,not_applicable,,not_applicable,,
IMR-3004430000-201712,3004.43.00.00,IM-3004430000-201712,never_retired,,not_applicable,,not_applicable,,
IMR-3004490010-201702,3004.49.00.10,IM-3004409050-198801,never_retired,,not_applicable,,not_applicable,,
IMR-3004490090-201701,3004.49.00.90,IM-3004409019-198801,never_retired,,not_applicable,,not_applicable,,
IMR-3004500010-199801,3004.50.00.10,IM-3004501000-198801,official_record,"named outright by Canada's ten-digit concordance, 2011 to 2012",yes,yes,yes,decided,
IMR-3004500011-201201,3004.50.00.11,IM-3004509911-198801,never_retired,,not_applicable,,not_applicable,,
IMR-3004500012-201201,3004.50.00.12,IM-3004509920-199001,never_retired,,not_applicable,,not_applicable,,
IMR-3004500013-201201,3004.50.00.13,IM-3004501000-198801,official_record,"named outright by Canada's ten-digit concordance, 2016 to 2017",yes,yes,yes,decided,
IMR-3004500014-201201,3004.50.00.14,IM-3004509921-198801,never_retired,,not_applicable,,not_applicable,,
IMR-3004500019-201201,3004.50.00.19,IM-3004501000-198801,never_retired,,not_applicable,,not_applicable,,
IMR-3004500019-201701,3004.50.00.19,IM-3004501000-198801,never_retired,,not_applicable,,not_applicable,,
IMR-3004500020-199801,3004.50.00.20,IM-3004501000-198801,analyst,the analyst accepted the proposal,yes,yes,yes,approve,
IMR-3004500031-199801,3004.50.00.31,IM-3004509911-198801,official_record,"named outright by Canada's ten-digit concordance, 2011 to 2012",yes,yes,yes,decided,
IMR-3004500032-199801,3004.50.00.32,IM-3004509911-198801,official_record,"named outright by Canada's ten-digit concordance, 2011 to 2012",yes,yes,yes,decided,
IMR-3004500039-199801,3004.50.00.39,IM-3004509911-198801,official_record,"named outright by Canada's ten-digit concordance, 2011 to 2012",yes,yes,yes,decided,
IMR-3004500040-199801,3004.50.00.40,IM-3004509920-199001,official_record,"named outright by Canada's ten-digit concordance, 2011 to 2012",yes,yes,yes,decided,
IMR-3004500040-200201,3004.50.00.40,IM-3004509920-199001,official_record,"named outright by Canada's ten-digit concordance, 2011 to 2012",yes,yes,yes,decided,
IMR-3004500050-199801,3004.50.00.50,IM-3004501000-198801,official_record,"named outright by Canada's ten-digit concordance, 2011 to 2012 | named outright by Canada's ten-digit concordance, 2016 to 2017",yes,yes,yes,decided,
IMR-3004500050-200201,3004.50.00.50,IM-3004501000-198801,official_record,"named outright by Canada's ten-digit concordance, 2011 to 2012 | named outright by Canada's ten-digit concordance, 2016 to 2017",yes,yes,yes,decided,
IMR-3004500061-199801,3004.50.00.61,IM-3004509921-198801,official_record,"named outright by Canada's ten-digit concordance, 2011 to 2012",yes,yes,yes,decided,
IMR-3004500069-199801,3004.50.00.69,IM-3004509921-198801,official_record,"named outright by Canada's ten-digit concordance, 2011 to 2012",yes,yes,yes,decided,
IMR-3004500069-200201,3004.50.00.69,IM-3004509921-198801,official_record,"named outright by Canada's ten-digit concordance, 2011 to 2012",yes,yes,yes,decided,
IMR-3004500070-199801,3004.50.00.70,IM-3004509930-198801,official_record,"named outright by Canada's ten-digit concordance, 2011 to 2012",yes,yes,yes,decided,
IMR-3004500070-200201,3004.50.00.70,IM-3004509930-198801,official_record,"named outright by Canada's ten-digit concordance, 2011 to 2012",yes,yes,yes,decided,
IMR-3004500090-201201,3004.50.00.90,IM-3004509930-198801,never_retired,,not_applicable,,not_applicable,,
IMR-3004501000-198801,3004.50.10.00,IM-3004501000-198801,analyst;official_record,"the analyst accepted the proposal | named outright by Canada's ten-digit concordance, 2011 to 2012",yes,yes,yes,approve;decided,
IMR-3004509100-198801,3004.50.91.00,IM-3004501000-198801,analyst,the analyst accepted the proposal | the analyst accepted the proposal,yes,yes,yes,approve,
IMR-3004509911-198801,3004.50.99.11,IM-3004509911-198801,analyst;official_record,"the analyst accepted the proposal | named outright by Canada's ten-digit concordance, 2011 to 2012",yes,yes,yes,approve;decided,
IMR-3004509912-198801,3004.50.99.12,IM-3004509911-198801,analyst;official_record,"the analyst accepted the proposal | named outright by Canada's ten-digit concordance, 2011 to 2012",yes,yes,yes,approve;decided,
IMR-3004509919-198801,3004.50.99.19,IM-3004509911-198801,analyst;official_record,"the analyst accepted the proposal | named outright by Canada's ten-digit concordance, 2011 to 2012",yes,yes,yes,approve;decided,
IMR-3004509920-199001,3004.50.99.20,IM-3004509920-199001,analyst;official_record,"the analyst accepted the proposal | named outright by Canada's ten-digit concordance, 2011 to 2012",yes,yes,yes,approve;decided,
IMR-3004509921-198801,3004.50.99.21,IM-3004509921-198801,analyst;official_record,"the analyst accepted the proposal | the analyst accepted the proposal | named outright by Canada's ten-digit concordance, 2011 to 2012",yes,yes,yes,approve;decided,
IMR-3004509922-198801,3004.50.99.22,IM-3004501000-198801,analyst;official_record,"the analyst accepted the proposal | the analyst accepted the proposal | named outright by Canada's ten-digit concordance, 2011 to 2012 | named outright by Canada's ten-digit concordance, 2016 to 2017",yes,yes,yes,approve;decided,
IMR-3004509929-198801,3004.50.99.29,IM-3004509921-198801,analyst;official_record,"the analyst accepted the proposal | the analyst accepted the proposal | named outright by Canada's ten-digit concordance, 2011 to 2012",yes,yes,yes,approve;decided,
IMR-3004509930-198801,3004.50.99.30,IM-3004509930-198801,analyst;official_record,"the analyst accepted the proposal | the analyst accepted the proposal | named outright by Canada's ten-digit concordance, 2011 to 2012",yes,yes,yes,approve;decided,
IMR-3004509930-199001,3004.50.99.30,IM-3004501000-198801,analyst;official_record,"the analyst accepted the proposal | named outright by Canada's ten-digit concordance, 2011 to 2012 | named outright by Canada's ten-digit concordance, 2016 to 2017",yes,yes,yes,approve;decided,
IMR-3004509941-199001,3004.50.99.41,IM-3004509921-198801,analyst;official_record,"the analyst accepted the proposal | named outright by Canada's ten-digit concordance, 2011 to 2012",yes,yes,yes,approve;decided,
IMR-3004509949-199001,3004.50.99.49,IM-3004509921-198801,analyst;official_record,"the analyst accepted the proposal | named outright by Canada's ten-digit concordance, 2011 to 2012",yes,yes,yes,approve;decided,
IMR-3004509950-199001,3004.50.99.50,IM-3004509930-198801,analyst;official_record,"the analyst accepted the proposal | named outright by Canada's ten-digit concordance, 2011 to 2012",yes,yes,yes,approve;decided,
IMR-3004600000-201701,3004.60.00.00,IM-3004600000-201701,never_retired,,not_applicable,,not_applicable,,
IMR-3004900011-199801,3004.90.00.11,IM-3004901010-198801,never_retired,,not_applicable,,not_applicable,,
IMR-3004900011-200201,3004.90.00.11,IM-3004901010-198801,never_retired,,not_applicable,,not_applicable,,
IMR-3004900012-199801,3004.90.00.12,IM-3004901020-198801,never_retired,,not_applicable,,not_applicable,,
IMR-3004900012-200201,3004.90.00.12,IM-3004901020-198801,never_retired,,not_applicable,,not_applicable,,
IMR-3004900019-199801,3004.90.00.19,IM-3004901090-198801,never_retired,,not_applicable,,not_applicable,,
IMR-3004900019-200201,3004.90.00.19,IM-3004901090-198801,never_retired,,not_applicable,,not_applicable,,
IMR-3004900020-199801,3004.90.00.20,IM-3004909100-198801,analyst,the analyst accepted the proposal,yes,yes,yes,approve,
IMR-3004900021-201804,3004.90.00.21,IM-3004900021-201804,never_retired,,not_applicable,,not_applicable,,
IMR-3004900022-201801,3004.90.00.22,IM-3004909911-198801,never_retired,,not_applicable,,not_applicable,,
IMR-3004900023-201801,3004.90.00.23,IM-3004909912-198801,never_retired,,not_applicable,,not_applicable,,
IMR-3004900024-201801,3004.90.00.24,IM-3004909913-198801,never_retired,,not_applicable,,not_applicable,,
IMR-3004900025-201801,3004.90.00.25,IM-3004909914-198801,never_retired,,not_applicable,,not_applicable,,
IMR-3004900026-201801,3004.90.00.26,IM-3004909915-199001,never_retired,,not_applicable,,not_applicable,,
IMR-3004900027-201801,3004.90.00.27,IM-3004909916-199004,never_retired,,not_applicable,,not_applicable,,
IMR-3004900029-201801,3004.90.00.29,IM-3004909919-198801,never_retired,,not_applicable,,not_applicable,,
IMR-3004900031-199801,3004.90.00.31,IM-3004909911-198801,analyst,the analyst accepted the proposal,no,,no,approve,
IMR-3004900031-201701,3004.90.00.31,IM-3004909911-198801,analyst,the analyst accepted the proposal,no,,no,approve,
IMR-3004900032-199801,3004.90.00.32,IM-3004909912-198801,analyst,the analyst accepted the proposal,no,,no,approve,
IMR-3004900032-200201,3004.90.00.32,IM-3004909912-198801,analyst,the analyst accepted the proposal,no,,no,approve,
IMR-3004900032-201701,3004.90.00.32,IM-3004909912-198801,analyst,the analyst accepted the proposal,no,,no,approve,
IMR-3004900033-199801,3004.90.00.33,IM-3004909913-198801,analyst,the analyst accepted the proposal,no,,no,approve,
IMR-3004900033-201701,3004.90.00.33,IM-3004909913-198801,analyst,the analyst accepted the proposal,no,,no,approve,
IMR-3004900034-199801,3004.90.00.34,IM-3004909914-198801,analyst,the analyst accepted the proposal,no,,no,approve,
IMR-3004900034-201701,3004.90.00.34,IM-3004909914-198801,analyst,the analyst accepted the proposal,no,,no,approve,
IMR-3004900035-199801,3004.90.00.35,IM-3004909915-199001,analyst,the analyst accepted the proposal,no,,no,approve,
IMR-3004900035-201701,3004.90.00.35,IM-3004909915-199001,analyst,the analyst accepted the proposal,no,,no,approve,
IMR-3004900036-199801,3004.90.00.36,IM-3004909916-199004,analyst,the analyst accepted the proposal,no,,no,approve,
IMR-3004900036-201701,3004.90.00.36,IM-3004909916-199004,analyst,the analyst accepted the proposal,no,,no,approve,
IMR-3004900039-199801,3004.90.00.39,IM-3004909919-198801,analyst,the analyst accepted the proposal,no,,no,approve,
IMR-3004900039-201701,3004.90.00.39,IM-3004909919-198801,analyst,the analyst accepted the proposal,no,,no,approve,
IMR-3004900041-199801,3004.90.00.41,IM-3004909921-198801,official_record,"named outright by Canada's ten-digit concordance, 2011 to 2012",yes,yes,yes,decided,
IMR-3004900042-199801,3004.90.00.42,IM-3004909922-199001,never_retired,,not_applicable,,not_applicable,,
IMR-3004900042-201701,3004.90.00.42,IM-3004909922-199001,never_retired,,not_applicable,,not_applicable,,
IMR-3004900043-199801,3004.90.00.43,IM-3004909923-199001,never_retired,,not_applicable,,not_applicable,,
IMR-3004900043-201701,3004.90.00.43,IM-3004909923-199001,never_retired,,not_applicable,,not_applicable,,
IMR-3004900049-199801,3004.90.00.49,IM-3004909921-198801,never_retired,,not_applicable,,not_applicable,,
IMR-3004900049-201201,3004.90.00.49,IM-3004909921-198801,never_retired,,not_applicable,,not_applicable,,
IMR-3004900049-201701,3004.90.00.49,IM-3004909921-198801,never_retired,,not_applicable,,not_applicable,,
IMR-3004900050-199801,3004.90.00.50,IM-3004909930-198801,never_retired,,not_applicable,,not_applicable,,
IMR-3004900050-201701,3004.90.00.50,IM-3004909930-198801,never_retired,,not_applicable,,not_applicable,,
IMR-3004900061-199801,3004.90.00.61,IM-3004909941-199001,never_retired,,not_applicable,,not_applicable,,
IMR-3004900061-201701,3004.90.00.61,IM-3004909941-199001,never_retired,,not_applicable,,not_applicable,,
IMR-3004900069-199801,3004.90.00.69,IM-3004909940-198801,never_retired,,not_applicable,,not_applicable,,
IMR-3004900069-201701,3004.90.00.69,IM-3004909940-198801,never_retired,,not_applicable,,not_applicable,,
IMR-3004900071-199801,3004.90.00.71,IM-3004909950-198801,never_retired,,not_applicable,,not_applicable,,
IMR-3004900071-201701,3004.90.00.71,IM-3004909950-198801,never_retired,,not_applicable,,not_applicable,,
IMR-3004900072-199801,3004.90.00.72,IM-3004909960-198801,never_retired,,not_applicable,,not_applicable,,
IMR-3004900072-201701,3004.90.00.72,IM-3004909960-198801,never_retired,,not_applicable,,not_applicable,,
IMR-3004900073-199801,3004.90.00.73,IM-3004909971-199001,never_retired,,not_applicable,,not_applicable,,
IMR-3004900073-201701,3004.90.00.73,IM-3004909971-199001,never_retired,,not_applicable,,not_applicable,,
IMR-3004900074-199801,3004.90.00.74,IM-3004909979-199001,never_retired,,not_applicable,,not_applicable,,
IMR-3004900074-201201,3004.90.00.74,IM-3004909979-199001,never_retired,,not_applicable,,not_applicable,,
IMR-3004900074-201701,3004.90.00.74,IM-3004909979-199001,never_retired,,not_applicable,,not_applicable,,
IMR-3004900075-199801,3004.90.00.75,IM-3004909981-198801,never_retired,,not_applicable,,not_applicable,,
IMR-3004900075-201701,3004.90.00.75,IM-3004909981-198801,never_retired,,not_applicable,,not_applicable,,
IMR-3004900076-199801,3004.90.00.76,IM-3004909982-198801,never_retired,,not_applicable,,not_applicable,,
IMR-3004900076-201201,3004.90.00.76,IM-3004909982-198801,never_retired,,not_applicable,,not_applicable,,
IMR-3004900076-201701,3004.90.00.76,IM-3004909982-198801,never_retired,,not_applicable,,not_applicable,,
IMR-3004900077-199801,3004.90.00.77,IM-3004909983-199001,never_retired,,not_applicable,,not_applicable,,
IMR-3004900077-201701,3004.90.00.77,IM-3004909983-199001,never_retired,,not_applicable,,not_applicable,,
IMR-3004900078-199801,3004.90.00.78,IM-3004909984-199001,never_retired,,not_applicable,,not_applicable,,
IMR-3004900078-201701,3004.90.00.78,IM-3004909984-199001,never_retired,,not_applicable,,not_applicable,,
IMR-3004900079-199801,3004.90.00.79,IM-3004909100-198801,never_retired,,not_applicable,,not_applicable,,
IMR-3004900079-200201,3004.90.00.79,IM-3004909100-198801,never_retired,,not_applicable,,not_applicable,,
IMR-3004900079-201201,3004.90.00.79,IM-3004909100-198801,never_retired,,not_applicable,,not_applicable,,
IMR-3004900079-201701,3004.90.00.79,IM-3004909100-198801,never_retired,,not_applicable,,not_applicable,,
IMR-3004900081-199801,3004.90.00.81,IM-3004909991-198801,official_record,"named outright by Canada's ten-digit concordance, 2011 to 2012",yes,yes,yes,decided,
IMR-3004900089-199801,3004.90.00.89,IM-3004909991-198801,official_record,"named outright by Canada's ten-digit concordance, 2011 to 2012",yes,yes,yes,decided,
IMR-3004900089-200201,3004.90.00.89,IM-3004909991-198801,official_record,"named outright by Canada's ten-digit concordance, 2011 to 2012",yes,yes,yes,decided,
IMR-3004900090-201201,3004.90.00.90,IM-3004909991-198801,never_retired,,not_applicable,,not_applicable,,
IMR-3004900090-201701,3004.90.00.90,IM-3004909991-198801,never_retired,,not_applicable,,not_applicable,,
IMR-3004901010-198801,3004.90.10.10,IM-3004901010-198801,analyst,the analyst accepted the proposal,no,,no,approve,
IMR-3004901020-198801,3004.90.10.20,IM-3004901020-198801,analyst,the analyst accepted the proposal,no,,no,approve,
IMR-3004901020-199001,3004.90.10.20,IM-3004901020-198801,analyst,the analyst accepted the proposal,no,,no,approve,
IMR-3004901090-198801,3004.90.10.90,IM-3004901090-198801,analyst,the analyst accepted the proposal,no,,no,approve,
IMR-3004909100-198801,3004.90.91.00,IM-3004909100-198801,analyst,the analyst accepted the proposal | the analyst accepted the proposal,yes,yes,yes,approve,
IMR-3004909911-198801,3004.90.99.11,IM-3004909911-198801,analyst,the analyst accepted the proposal | the analyst accepted the proposal,no,,no,approve,
IMR-3004909912-198801,3004.90.99.12,IM-3004909912-198801,analyst,the analyst accepted the proposal | the analyst accepted the proposal,no,,no,approve,
IMR-3004909913-198801,3004.90.99.13,IM-3004909913-198801,analyst,the analyst accepted the proposal | the analyst accepted the proposal,no,,no,approve,
IMR-3004909914-198801,3004.90.99.14,IM-3004909914-198801,analyst,the analyst accepted the proposal | the analyst accepted the proposal,no,,no,approve,
IMR-3004909915-199001,3004.90.99.15,IM-3004909915-199001,analyst,the analyst accepted the proposal | the analyst accepted the proposal,no,,no,approve,
IMR-3004909916-199004,3004.90.99.16,IM-3004909916-199004,analyst,the analyst accepted the proposal | the analyst accepted the proposal,no,,no,approve,
IMR-3004909919-198801,3004.90.99.19,IM-3004909919-198801,analyst,the analyst accepted the proposal | the analyst accepted the proposal,no,,no,approve,
IMR-3004909921-198801,3004.90.99.21,IM-3004909921-198801,analyst;official_record,"the analyst accepted the proposal | named outright by Canada's ten-digit concordance, 2011 to 2012",yes,yes,yes,approve;decided,
IMR-3004909922-199001,3004.90.99.22,IM-3004909922-199001,analyst,the analyst accepted the proposal,no,,no,approve,
IMR-3004909923-199001,3004.90.99.23,IM-3004909923-199001,analyst,the analyst accepted the proposal,no,,no,approve,
IMR-3004909929-198801,3004.90.99.29,IM-3004909921-198801,analyst,the analyst accepted the proposal,no,,no,approve,
IMR-3004909930-198801,3004.90.99.30,IM-3004909930-198801,analyst,the analyst accepted the proposal,no,,no,approve,
IMR-3004909940-198801,3004.90.99.40,IM-3004909940-198801,analyst,the analyst accepted the proposal | the analyst accepted the proposal,no,,no,approve,
IMR-3004909941-199001,3004.90.99.41,IM-3004909941-199001,analyst,the analyst accepted the proposal,no,,no,approve,
IMR-3004909949-199001,3004.90.99.49,IM-3004909940-198801,analyst,the analyst accepted the proposal,no,,no,approve,
IMR-3004909950-198801,3004.90.99.50,IM-3004909950-198801,analyst,the analyst accepted the proposal,no,,no,approve,
IMR-3004909960-198801,3004.90.99.60,IM-3004909960-198801,analyst,the analyst accepted the proposal,no,,no,approve,
IMR-3004909971-199001,3004.90.99.71,IM-3004909971-199001,analyst,the analyst accepted the proposal,no,,no,approve,
IMR-3004909979-199001,3004.90.99.79,IM-3004909979-199001,analyst,the analyst accepted the proposal,no,,no,approve,
IMR-3004909981-198801,3004.90.99.81,IM-3004909981-198801,analyst,the analyst accepted the proposal,no,,no,approve,
IMR-3004909982-198801,3004.90.99.82,IM-3004909982-198801,analyst,the analyst accepted the proposal,no,,no,approve,
IMR-3004909983-199001,3004.90.99.83,IM-3004909983-199001,analyst,the analyst accepted the proposal,no,,no,approve,
IMR-3004909984-199001,3004.90.99.84,IM-3004909984-199001,analyst,the analyst accepted the proposal,no,,no,approve,
IMR-3004909989-198801,3004.90.99.89,IM-3004909100-198801,analyst,the analyst accepted the proposal,no,,no,approve,
IMR-3004909991-198801,3004.90.99.91,IM-3004909991-198801,analyst;official_record,"the analyst accepted the proposal | named outright by Canada's ten-digit concordance, 2011 to 2012",yes,yes,yes,approve;decided,
IMR-3004909992-198801,3004.90.99.92,IM-3004909991-198801,analyst;official_record,"the analyst preferred the second alternative to the proposal | the analyst accepted the proposal | named outright by Canada's ten-digit concordance, 2011 to 2012",yes,yes,yes,approve;decided;second,
IMR-3004909993-198803,3004.90.99.93,IM-3004909991-198801,analyst;official_record,"the analyst preferred the second alternative to the proposal | the analyst accepted the proposal | named outright by Canada's ten-digit concordance, 2011 to 2012",yes,yes,yes,approve;decided;second,
IMR-3004909999-198801,3004.90.99.99,IM-3004909991-198801,analyst;official_record,"the analyst accepted the proposal | named outright by Canada's ten-digit concordance, 2011 to 2012",yes,yes,yes,approve;decided,
IMR-3005100010-199801,3005.10.00.10,IM-3005101000-198801,never_retired,,not_applicable,,not_applicable,,
IMR-3005100091-199801,3005.10.00.91,IM-3005109100-198801,never_retired,,not_applicable,,not_applicable,,
IMR-3005100099-199801,3005.10.00.99,IM-3005109900-198801,never_retired,,not_applicable,,not_applicable,,
IMR-3005101000-198801,3005.10.10.00,IM-3005101000-198801,analyst,the analyst accepted the proposal,no,,no,approve,
IMR-3005109100-198801,3005.10.91.00,IM-3005109100-198801,analyst,the analyst accepted the proposal,no,,no,approve,
IMR-3005109900-198801,3005.10.99.00,IM-3005109900-198801,analyst,the analyst accepted the proposal,no,,no,approve,
IMR-3005900010-199801,3005.90.00.10,IM-3005901000-198801,official_record,"named outright by Canada's ten-digit concordance, 2011 to 2012",yes,yes,yes,decided,
IMR-3005900010-200201,3005.90.00.10,IM-3005901000-198801,official_record,"named outright by Canada's ten-digit concordance, 2011 to 2012",yes,yes,yes,decided,
IMR-3005900020-199801,3005.90.00.20,IM-3005902000-198801,never_retired,,not_applicable,,not_applicable,,
IMR-3005900020-200201,3005.90.00.20,IM-3005902000-198801,never_retired,,not_applicable,,not_applicable,,
IMR-3005900030-199801,3005.90.00.30,IM-3005903000-198801,never_retired,,not_applicable,,not_applicable,,
IMR-3005900040-199801,3005.90.00.40,IM-3005909100-198801,never_retired,,not_applicable,,not_applicable,,
IMR-3005900040-200201,3005.90.00.40,IM-3005909100-198801,never_retired,,not_applicable,,not_applicable,,
IMR-3005900050-199801,3005.90.00.50,IM-3005901000-198801,official_record,"named outright by Canada's ten-digit concordance, 2011 to 2012",yes,yes,yes,decided,
IMR-3005900050-200201,3005.90.00.50,IM-3005901000-198801,official_record,"named outright by Canada's ten-digit concordance, 2011 to 2012",yes,yes,yes,decided,
IMR-3005900060-199801,3005.90.00.60,IM-3005901000-198801,official_record,"named outright by Canada's ten-digit concordance, 2011 to 2012",yes,yes,yes,decided,
IMR-3005900060-200201,3005.90.00.60,IM-3005901000-198801,official_record,"named outright by Canada's ten-digit concordance, 2011 to 2012",yes,yes,yes,decided,
IMR-3005900090-199801,3005.90.00.90,IM-3005901000-198801,never_retired,,not_applicable,,not_applicable,,
IMR-3005900090-200201,3005.90.00.90,IM-3005901000-198801,never_retired,,not_applicable,,not_applicable,,
IMR-3005900090-201201,3005.90.00.90,IM-3005901000-198801,never_retired,,not_applicable,,not_applicable,,
IMR-3005901000-198801,3005.90.10.00,IM-3005901000-198801,analyst;official_record,"the analyst accepted the proposal | named outright by Canada's ten-digit concordance, 2011 to 2012",yes,yes,yes,approve;decided,
IMR-3005902000-198801,3005.90.20.00,IM-3005902000-198801,analyst,the analyst accepted the proposal,no,,no,approve,
IMR-3005903000-198801,3005.90.30.00,IM-3005903000-198801,analyst,the analyst accepted the proposal,no,,no,approve,
IMR-3005909100-198801,3005.90.91.00,IM-3005909100-198801,analyst,the analyst accepted the proposal,no,,no,approve,
IMR-3005909200-198801,3005.90.92.00,IM-3005901000-198801,analyst;official_record,"the analyst accepted the proposal | named outright by Canada's ten-digit concordance, 2011 to 2012",yes,yes,yes,approve;decided,
IMR-3005909300-198801,3005.90.93.00,IM-3005901000-198801,analyst;official_record,"the analyst accepted the proposal | named outright by Canada's ten-digit concordance, 2011 to 2012",yes,yes,yes,approve;decided,
IMR-3005909900-198801,3005.90.99.00,IM-3005901000-198801,analyst,the analyst accepted the proposal,no,,no,approve,
IMR-3006100010-198801,3006.10.00.10,IM-3006100010-198801,never_retired,,not_applicable,,not_applicable,,
IMR-3006100010-200201,3006.10.00.10,IM-3006100010-198801,never_retired,,not_applicable,,not_applicable,,
IMR-3006100090-198801,3006.10.00.90,IM-3006100090-198801,never_retired,,not_applicable,,not_applicable,,
IMR-3006200010-199801,3006.20.00.10,IM-3006201000-198801,analyst;official_record,"named outright by Canada's ten-digit concordance, 2011 to 2012 | the analyst rejected the proposal and recorded no successor in this chapter",yes,yes,yes,decided;reject_none,
IMR-3006200020-199801,3006.20.00.20,IM-3006202000-198801,analyst,the analyst rejected the proposal and recorded no successor in this chapter,no,,yes,reject_none,
IMR-3006200090-199801,3006.20.00.90,IM-3006201000-198801,analyst,the analyst rejected the proposal and recorded no successor in this chapter,no,,yes,reject_none,
IMR-3006200090-201201,3006.20.00.90,IM-3006201000-198801,analyst,the analyst rejected the proposal and recorded no successor in this chapter,no,,yes,reject_none,
IMR-3006201000-198801,3006.20.10.00,IM-3006201000-198801,analyst;official_record,"the analyst accepted the proposal | named outright by Canada's ten-digit concordance, 2011 to 2012 | the analyst rejected the proposal and recorded no successor in this chapter",yes,yes,yes,approve;decided;reject_none,
IMR-3006202000-198801,3006.20.20.00,IM-3006202000-198801,analyst,the analyst accepted the proposal | the analyst rejected the proposal and recorded no successor in this chapter,no,,yes,approve;reject_none,
IMR-3006209000-198801,3006.20.90.00,IM-3006201000-198801,analyst,the analyst accepted the proposal | the analyst rejected the proposal and recorded no successor in this chapter,no,,yes,approve;reject_none,
IMR-3006300010-199801,3006.30.00.10,IM-3006301000-198801,never_retired,,not_applicable,,not_applicable,,
IMR-3006300010-200201,3006.30.00.10,IM-3006301000-198801,never_retired,,not_applicable,,not_applicable,,
IMR-3006300020-199801,3006.30.00.20,IM-3006309100-198801,official_record,"named outright by Canada's ten-digit concordance, 2011 to 2012",yes,yes,yes,decided,
IMR-3006300020-200201,3006.30.00.20,IM-3006309100-198801,official_record,"named outright by Canada's ten-digit concordance, 2011 to 2012",yes,yes,yes,decided,
IMR-3006300090-199801,3006.30.00.90,IM-3006309100-198801,never_retired,,not_applicable,,not_applicable,,
IMR-3006300090-200201,3006.30.00.90,IM-3006309100-198801,never_retired,,not_applicable,,not_applicable,,
IMR-3006301000-198801,3006.30.10.00,IM-3006301000-198801,analyst,the analyst accepted the proposal,no,,no,approve,
IMR-3006309100-198801,3006.30.91.00,IM-3006309100-198801,analyst;official_record,"the analyst accepted the proposal | named outright by Canada's ten-digit concordance, 2011 to 2012",yes,yes,yes,approve;decided,
IMR-3006309900-198801,3006.30.99.00,IM-3006309100-198801,analyst,the analyst accepted the proposal,no,,no,approve,
IMR-3006400010-199801,3006.40.00.10,IM-3006401010-198801,never_retired,,not_applicable,,not_applicable,,
IMR-3006400020-199801,3006.40.00.20,IM-3006401020-198801,official_record,"named outright by Canada's ten-digit concordance, 2011 to 2012",yes,yes,yes,decided,
IMR-3006400020-200201,3006.40.00.20,IM-3006401020-198801,official_record,"named outright by Canada's ten-digit concordance, 2011 to 2012",yes,yes,yes,decided,
IMR-3006400030-199801,3006.40.00.30,IM-3006401020-198801,official_record,"named outright by Canada's ten-digit concordance, 2011 to 2012",yes,yes,yes,decided,
IMR-3006400090-199801,3006.40.00.90,IM-3006401020-198801,never_retired,,not_applicable,,not_applicable,,
IMR-3006400090-201201,3006.40.00.90,IM-3006401020-198801,never_retired,,not_applicable,,not_applicable,,
IMR-3006401010-198801,3006.40.10.10,IM-3006401010-198801,analyst,the analyst accepted the proposal,no,,no,approve,
IMR-3006401020-198801,3006.40.10.20,IM-3006401020-198801,analyst;official_record,"the analyst accepted the proposal | named outright by Canada's ten-digit concordance, 2011 to 2012",yes,yes,yes,approve;decided,
IMR-3006402000-198801,3006.40.20.00,IM-3006401020-198801,analyst;official_record,"the analyst accepted the proposal | named outright by Canada's ten-digit concordance, 2011 to 2012",yes,yes,yes,approve;decided,
IMR-3006409000-198801,3006.40.90.00,IM-3006401020-198801,analyst,the analyst accepted the proposal,no,,no,approve,
IMR-3006500000-198801,3006.50.00.00,IM-3006500000-198801,never_retired,,not_applicable,,not_applicable,,
IMR-3006600000-201701,3006.60.00.00,IM-3006600011-198801,never_retired,,not_applicable,,not_applicable,,
IMR-3006600010-201201,3006.60.00.10,IM-3006600011-198801,official_record,"named outright by Canada's ten-digit concordance, 2016 to 2017",yes,yes,yes,decided,
IMR-3006600011-198801,3006.60.00.11,IM-3006600011-198801,official_record,"named outright by Canada's ten-digit concordance, 2011 to 2012 | named outright by Canada's ten-digit concordance, 2016 to 2017",yes,yes,yes,decided,
IMR-3006600019-198801,3006.60.00.19,IM-3006600011-198801,official_record,"named outright by Canada's ten-digit concordance, 2011 to 2012 | named outright by Canada's ten-digit concordance, 2016 to 2017",yes,yes,yes,decided,
IMR-3006600019-200201,3006.60.00.19,IM-3006600011-198801,official_record,"named outright by Canada's ten-digit concordance, 2011 to 2012 | named outright by Canada's ten-digit concordance, 2016 to 2017",yes,yes,yes,decided,
IMR-3006600090-198801,3006.60.00.90,IM-3006600011-198801,official_record,"named outright by Canada's ten-digit concordance, 2016 to 2017",yes,yes,yes,decided,
IMR-3006600090-200201,3006.60.00.90,IM-3006600011-198801,official_record,"named outright by Canada's ten-digit concordance, 2016 to 2017",yes,yes,yes,decided,
IMR-3006701000-200201,3006.70.10.00,IM-3006701000-200201,never_retired,,not_applicable,,not_applicable,,
IMR-3006709000-200201,3006.70.90.00,IM-3006709000-200201,never_retired,,not_applicable,,not_applicable,,
IMR-3006801100-200207,3006.80.11.00,IM-3006801900-200201,analyst,the analyst rejected the proposal and named 3006.92.00.00 instead,no,,yes,reject_named,
IMR-3006801900-200201,3006.80.19.00,IM-3006801900-200201,analyst,the analyst rejected the proposal and named 3006.92.00.00 instead,no,,yes,reject_named,
IMR-3006809010-200201,3006.80.90.10,IM-3006801900-200201,analyst,the analyst rejected the proposal and named 3006.92.00.00 instead,no,,yes,reject_named,
IMR-3006809020-200407,3006.80.90.20,IM-3006801900-200201,analyst,the analyst rejected the proposal and named 3006.92.00.00 instead,no,,yes,reject_named,
IMR-3006809030-200202,3006.80.90.30,IM-3006801900-200201,analyst,the analyst rejected the proposal and named 3006.92.00.00 instead,no,,yes,reject_named,
IMR-3006809041-200306,3006.80.90.41,IM-3006801900-200201,analyst,the analyst preferred the second alternative to the proposal,no,,yes,second,
IMR-3006809042-200312,3006.80.90.42,IM-3006801900-200201,analyst,the analyst preferred the second alternative to the proposal,no,,yes,second,
IMR-3006809043-200205,3006.80.90.43,IM-3006801900-200201,analyst,the analyst rejected the proposal and named 3006.92.00.00 instead,no,,yes,reject_named,
IMR-3006809050-200204,3006.80.90.50,IM-3006801900-200201,analyst,the analyst accepted the proposal,no,,yes,approve,
IMR-3006809060-200201,3006.80.90.60,IM-3006801900-200201,analyst,the analyst accepted the proposal,no,,yes,approve,
IMR-3006910000-200701,3006.91.00.00,IM-3006910000-200701,never_retired,,not_applicable,,not_applicable,,
IMR-3006920000-200701,3006.92.00.00,IM-3006801900-200201,never_retired,,not_applicable,,not_applicable,,
IMR-3006931000-202201,3006.93.10.00,IM-3006931000-202201,never_retired,,not_applicable,,not_applicable,,
IMR-3006932000-202201,3006.93.20.00,IM-3006932000-202201,never_retired,,not_applicable,,not_applicable,,
IMR-3006933000-202201,3006.93.30.00,IM-3006933000-202201,never_retired,,not_applicable,,not_applicable,,
IMR-3006934000-202201,3006.93.40.00,IM-3006934000-202201,never_retired,,not_applicable,,not_applicable,,
IMR-3006939000-202201,3006.93.90.00,IM-3006939000-202201,never_retired,,not_applicable,,not_applicable,,
