flow,v1_uid,v1_family_id,v1_hs_code,v1_first_period,v1_last_period,v1_description,v2_record_id,v2_family_id,v2_hs_code,v2_first_period,v2_last_period,matched_on,note
exports,EXR_0001,EX_0001,3001.10.00,200003,200610,"Glands and other organs, dried, powdered or not, for therapeutic uses",EXR-30011000-198801,EX-30011000-198801,3001.10.00,198801,200610,code and last month,
exports,EXR_0002,EX_0001,3001.20.00,200001,202601,"Extracts of glands/other organs or of their secretions, for therapeutic uses",EXR-30012000-198801,EX-30012000-198801,3001.20.00,198801,202605,code alone,
exports,EXR_0003,EX_0003,3001.90.00,200701,202602,"Heparin & its salts;human or animal substances for therapeutic or prophylactic uses, not elsewhere specified",EXR-30019000-200701,EX-30011000-198801,3001.90.00,200701,202606,code and first month,
exports,EXR_0004,EX_0003,3001.90.00,200001,200612,"Heparin & its salts;human or animal substances for therapeutic or prophylactic uses, not elsewhere specified",EXR-30019000-198801,EX-30011000-198801,3001.90.00,198801,200612,code and last month,
exports,EXR_0005,EX_0004,3002.10.00,200001,201112,"Antisera and other blood fractions and mod immunological prod, whether or not obtained by means of biotechnological process",EXR-30021000-198801,EX-30021000-198801,3002.10.00,198801,201112,code and last month,
exports,EXR_0006,EX_0004,3002.10.00,201201,201612,"Antisera, other blood fractions, immunological prod,whether or not mod/obtained by biotechnological process",EXR-30021000-201201,EX-30021000-198801,3002.10.00,201201,201612,code and first month,
exports,EXR_0007,EX_0005,3002.11.00,201702,202111,Malaria diagnostic test kits,EXR-30021100-201702,EX-30021100-201702,3002.11.00,201702,202111,code and first month,
exports,EXR_0008,EX_0004,3002.12.00,201701,202602,"Antisera & other blood fractions, whether or not modified/obtained by biotechnological process",EXR-30021200-201701,EX-30021000-198801,3002.12.00,201701,202606,code and first month,
exports,EXR_0009,EX_0007,3002.13.00,201706,202602,"Immunological products, unmixed, not put up in measured doses/forms/packings for retail sale",EXR-30021300-201706,EX-30021300-201706,3002.13.00,201706,202606,code and first month,
exports,EXR_0010,EX_0008,3002.14.00,201701,202602,"Immunological products,mixed,not put in measured doses/forms/packings for ret sale",EXR-30021400-201701,EX-30021400-201701,3002.14.00,201701,202606,code and first month,
exports,EXR_0011,EX_0009,3002.15.00,201701,202602,"Immunological products, put up in measured doses/forms/packings, for retail sale",EXR-30021500-201701,EX-30021500-201701,3002.15.00,201701,202606,code and first month,
exports,EXR_0012,EX_0010,3002.19.00,201701,202112,"Immunological products, not elsewhere specified, whether or not modified/obtained by biotechnological processes",EXR-30021900-201701,EX-30029010-198801,3002.19.00,201701,202112,code and first month,
exports,EXR_0013,EX_0011,3002.20.00,200201,202112,Vaccines for human medicine,EXR-30022000-200201,EX-30022000-198801,3002.20.00,200201,202112,code and first month,
exports,EXR_0014,EX_0011,3002.20.00,200001,200112,"Vaccines, human use",EXR-30022000-198801,EX-30022000-198801,3002.20.00,198801,200112,code and last month,
exports,EXR_0015,EX_0012,3002.30.00,201701,202112,"Vaccines, for veterinary medecine",EXR-30023000-201701,EX-30023100-198801,3002.30.00,201701,202112,code and first month,
exports,EXR_0016,EX_0012,3002.30.10,200004,201606,"Vaccines against foot or mouth disease, veterinary use",EXR-30023010-199602,EX-30023100-198801,3002.30.10,199602,201606,code and last month,
exports,EXR_0017,EX_0012,3002.30.90,200001,201612,"Vaccines, veterinary use, not elsewhere specified",EXR-30023090-199601,EX-30023100-198801,3002.30.90,199601,201612,code and last month,
exports,EXR_0018,EX_0011,3002.41.00,202201,202602,"Vaccines, for human medicine",EXR-30024100-202201,EX-30022000-198801,3002.41.00,202201,202606,code and first month,
exports,EXR_0019,EX_0012,3002.42.00,202201,202602,"Vaccines, for veterinary medecine",EXR-30024200-202201,EX-30023100-198801,3002.42.00,202201,202606,code and first month,
exports,EXR_0020,EX_0010,3002.49.00,202201,202602,"Vaccines,toxins, cultures of micro-organisms (excl yeasts) and similar products, not elsewhere specified",EXR-30024900-202201,EX-30024900-202201,3002.49.00,202201,202606,code and first month,
exports,EXR_0021,EX_0016,3002.51.00,202202,202602,"Cell therapy products, whether or not modified",EXR-30025100-202202,EX-30025100-202202,3002.51.00,202202,202606,code and first month,
exports,EXR_0022,EX_0017,3002.59.00,202202,202602,"Cell cultures, whether or not modified, not elsewhere specified",EXR-30025900-202202,EX-30025900-202202,3002.59.00,202202,202606,code and first month,
exports,EXR_0023,EX_0018,3002.90.10,200006,202602,Ricin,EXR-30029010-199712,EX-30029010-199712,3002.90.10,199712,202606,"code, v1 range inside a v2 life",
exports,EXR_0024,EX_0010,3002.90.20,200010,201611,Saxitoxin,EXR-30029020-199705,EX-30029010-198801,3002.90.20,199705,201611,code and last month,
exports,EXR_0025,EX_0020,3002.90.90,201201,201612,"Human blood; animal blood for therapeutic/prophylactic/diagnostic uses;micro-organisms culture,not elsewhere specified",EXR-30029090-201201,EX-30029010-198801,3002.90.90,201201,201612,code and first month,
exports,EXR_0026,EX_0020,3002.90.90,200001,201112,"Human blood;animal blood for therapeutic,prophylactic or diagnostic uses; microbial preparation, not elsewhere specified",EXR-30029090-199701,EX-30029010-198801,3002.90.90,199701,201112,code and last month,
exports,EXR_0027,EX_0020,3002.90.90,202201,202602,"Human blood;animal blood therapeutic/diagnostic,etc;antisera,etc;vaccines,etc;cell culture,not elsewhere specified",EXR-30029090-202201,EX-30029010-198801,3002.90.90,202201,202606,code and first month,
exports,EXR_0028,EX_0020,3002.90.90,201701,202112,"Human blood;animal blood therapeutic/prophylactic/diagnostic uses;toxins,micro-organism culture,similar,not elsewhere specified",EXR-30029090-201701,EX-30029010-198801,3002.90.90,201701,202112,code and first month,
exports,EXR_0029,EX_0021,3003.10.00,200204,202503,"Medicaments,containing penicillins/derivative with penicillanic acid structure, streptomycins/derivative,not for retail sale",EXR-30031000-200204,EX-30031000-198801,3003.10.00,200204,202605,code and first month,
exports,EXR_0030,EX_0021,3003.10.00,200001,200012,"Penicillins or streptomycins and their derivatives, formulated, in bulk",EXR-30031000-198801,EX-30031000-198801,3003.10.00,198801,200012,code and last month,
exports,EXR_0031,EX_0022,3003.20.00,200002,200112,"Antibiotics not elsewhere specified, formulated, in bulk",EXR-30032000-198801,EX-30032000-198801,3003.20.00,198801,200112,code and last month,
exports,EXR_0032,EX_0022,3003.20.00,200201,202602,"Medicaments,containing antibiotics,not elsewhere specified,mixed,for therapeutic/prophylactic,not for retail sale,other than products of headings 30.02, 30.05, 30.06",EXR-30032000-200201,EX-30032000-198801,3003.20.00,200201,202606,code and first month,
exports,EXR_0033,EX_0023,3003.31.00,200203,202505,"Medicaments,containing insulin,mixed,not in doses/forms/pack/for retail sale,other than products of headings 30.02, 30.05, 30.06",EXR-30033100-200203,EX-30033100-200203,3003.31.00,200203,202505,code and first month,
exports,EXR_0034,EX_0024,3003.39.00,200001,200111,"Hormones not elsewhere specified, formulated, not cntg antibiotics, in bulk, other than contraceptives",EXR-30033900-198801,EX-30033900-198801,3003.39.00,198801,200111,code and last month,
exports,EXR_0035,EX_0024,3003.39.00,200201,202602,"Medicaments,containing hormone/prostaglandins/thromboxanes/leukotrienes/derivative/analogues,not elsewhere specified,not for retail sale",EXR-30033900-200201,EX-30033900-198801,3003.39.00,200201,202606,code and first month,
exports,EXR_0036,EX_0025,3003.40.00,200211,201611,"Alkaloids or their derivatives, formltd, not cntg antibiotics or hormones, in bulk",EXR-30034000-198804,EX-30034000-198804,3003.40.00,198804,201611,code and last month,
exports,EXR_0037,EX_0026,3003.41.00,202009,202009,"Medicaments,containing ephedrin/salts,mixed,therapeutic/prophylactic uses,not for retail sale,other than products of headings 30.02, 30.05, 30.06",EXR-30034100-202009,EX-30034100-202009,3003.41.00,202009,202009,code and first month,
exports,EXR_0038,EX_0027,3003.42.00,201905,202409,"Medicaments,containing pseudoephedrine/sa,mixed,therapeutic/prophylactic,not for retail sale,other than products of headings 30.02, 30.05, 30.06",EXR-30034200-201905,EX-30034200-201905,3003.42.00,201905,202409,code and first month,
exports,EXR_0039,EX_0025,3003.49.00,201805,202602,"Medicaments,containing alkaloids/derivative thereof,not elsewhere specified,mixed,for therapeutic/prophylactic,not for retail sale,other than products of headings 30.02, 30.05, 30.06",EXR-30034900-201805,EX-30034000-198804,3003.49.00,201805,202606,code and first month,
exports,EXR_0040,EX_0029,3003.60.00,202007,202308,"Medicaments,containing antimalarial active principles,mixed,not for retail sale,other than products of headings 30.02, 30.05, 30.06",EXR-30036000-201812,EX-30036000-201812,3003.60.00,201812,202308,code and last month,
exports,EXR_0041,EX_0030,3003.90.00,200001,201612,"Medicaments not elsewhere specified, formulated, in bulk",EXR-30039000-198801,EX-30033100-198801,3003.90.00,198801,201612,code and last month,
exports,EXR_0042,EX_0030,3003.90.00,201701,202602,"Medicaments, not elsewhere specified,mixed,therapeutic/prophylactic uses,not for retail sale,other than products of headings 30.02, 30.05, 30.06",EXR-30039000-201701,EX-30033100-198801,3003.90.00,201701,202606,code and first month,
exports,EXR_0043,EX_0031,3004.10.00,200201,202602,"Medicaments,containing penicillins/derivative with penicillanic acid structure, streptomycins/derivative,for retail sale",EXR-30041000-200201,EX-30041010-198801,3004.10.00,200201,202606,code and first month,
exports,EXR_0044,EX_0031,3004.10.00,200001,200112,"Penicillins or streptomycins and their derivatives, in dosage",EXR-30041000-198901,EX-30041010-198801,3004.10.00,198901,200112,code and last month,
exports,EXR_0045,EX_0032,3004.20.00,200001,200112,"Antibiotics not elsewhere specified, in dosage",EXR-30042000-198901,EX-30042010-198801,3004.20.00,198901,200112,code and last month,
exports,EXR_0046,EX_0032,3004.20.00,200201,202602,"Medicaments,containing antibiotics,for therapeutic/prophylactic,in doses/for retail sale,other than products of headings 30.02, 30.05, 30.06",EXR-30042000-200201,EX-30042010-198801,3004.20.00,200201,202606,code and first month,
exports,EXR_0047,EX_0033,3004.31.00,200207,202602,"Medicaments,containing insulin,in doses/forms/pack for retail sale,other than products of headings 30.02, 30.05, 30.06",EXR-30043100-200207,EX-30043100-198803,3004.31.00,200207,202606,code and first month,
exports,EXR_0048,EX_0034,3004.32.00,200001,200112,"Adrenal cortical hormones, not containing antibiotics, in dosage",EXR-30043200-198901,EX-30043210-198801,3004.32.00,198901,200112,code and last month,
exports,EXR_0049,EX_0034,3004.32.00,200201,202602,"Medicaments,containing corticosteroid hormone/derivative/structure analog,in doses/for retail sale,other than products of headings 30.02, 30.05, 30.06",EXR-30043200-200201,EX-30043210-198801,3004.32.00,200201,202606,code and first month,
exports,EXR_0050,EX_0035,3004.39.00,200001,200112,"Hormones not elsewhere specified, not containing antibiotics, in dosage,other than contraceptive",EXR-30043900-198901,EX-30043910-198801,3004.39.00,198901,200112,code and last month,
exports,EXR_0051,EX_0035,3004.39.00,200201,202602,"Medicaments,containing hormone/prostaglandins/thromboxanes/leukotrienes/derivative/analogues,not elsewhere specified,for retail sale",EXR-30043900-200201,EX-30043910-198801,3004.39.00,200201,202606,code and first month,
exports,EXR_0052,EX_0036,3004.40.00,200001,201612,"Alkaloids or their derivatives, not cntg antibiotics or hormones, in dosage",EXR-30044000-198801,EX-30044000-198801,3004.40.00,198801,201612,code and last month,
exports,EXR_0053,EX_0037,3004.41.00,201701,202601,"Medicaments,containing ephedrin/salts,therapeutic/prophylactic,in doses/for retail sale,other than products of headings 30.02, 30.05, 30.06",EXR-30044100-201701,EX-30044100-201701,3004.41.00,201701,202605,code and first month,
exports,EXR_0054,EX_0038,3004.42.00,201701,202602,"Medicaments,containing pseudoephedrine/salts,therapeutic/prophylactic,in doses/for retail sale,other than products of headings 30.02, 30.05, 30.06",EXR-30044200-201701,EX-30044200-201701,3004.42.00,201701,202606,code and first month,
exports,EXR_0055,EX_0039,3004.43.00,201703,202203,"Medicaments,containing norephedrine/salts,therapeutic/prophylactic,in doses/for retail sale,other than products of headings 30.02, 30.05, 30.06",EXR-30044300-201703,EX-30044300-201703,3004.43.00,201703,202203,code and first month,
exports,EXR_0056,EX_0036,3004.49.00,201701,202602,"Medicaments,containing alkaloids/derivative thereof,not elsewhere specified,therapeutic/prophylactic,doses/for retail sale,other than products of headings 30.02, 30.05, 30.06",EXR-30044900-201701,EX-30044000-198801,3004.49.00,201701,202606,code and first month,
exports,EXR_0057,EX_0041,3004.50.00,200201,202602,"Medicaments,containing vitamins/provitamins/derivative,in doses/pack/for retail sale,other than products of headings 30.02, 30.05, 30.06",EXR-30045000-200201,EX-30045010-198801,3004.50.00,200201,202606,code and first month,
exports,EXR_0058,EX_0041,3004.50.00,200001,200112,"Vitamins and their derivatives,in dosage",EXR-30045000-198901,EX-30045010-198801,3004.50.00,198901,200112,code and last month,
exports,EXR_0059,EX_0042,3004.60.00,201701,202602,"Medicaments,containing antimalarial active principles,in doses/for retail sale,other than products of headings 30.02, 30.05, 30.06",EXR-30046000-201701,EX-30046000-201701,3004.60.00,201701,202606,code and first month,
exports,EXR_0060,EX_0043,3004.90.00,200001,201612,"Medicaments not elsewhere specified, in dosage",EXR-30049000-198901,EX-30049010-198801,3004.90.00,198901,201612,code and last month,
exports,EXR_0061,EX_0043,3004.90.00,201701,201712,"Medicaments,not elsewhere specified,therapeutic/prophylactic uses,doses/pack for retail sale,other than products of headings 30.02, 30.05, 30.06",EXR-30049000-201701,EX-30049010-198801,3004.90.00,201701,201712,code and first month,
exports,EXR_0062,EX_0044,3004.90.10,201802,202602,"Medicaments containing cannabis/cannabinoids, therapeutic/prophylactic uses, doses/pack for retail sale",EXR-30049010-201802,EX-30049010-201802,3004.90.10,201802,202606,code and first month,
exports,EXR_0063,EX_0043,3004.90.90,201801,202602,"Medicaments,not elsewhere specified,therapeutic/prophylactic uses,doses/pack for retail sale,other than products of headings 30.02, 30.05, 30.06",EXR-30049090-201801,EX-30049010-198801,3004.90.90,201801,202606,code and first month,
exports,EXR_0064,EX_0045,3005.10.00,200001,202602,Dressings and other articles having an adhesive layer,EXR-30051000-198801,EX-30051000-198801,3005.10.00,198801,202606,code alone,
exports,EXR_0065,EX_0046,3005.90.00,200001,202602,"Dressings & similar articles,impregnated or coated or packaged for Medicaments use, not elsewhere specified",EXR-30059000-198801,EX-30059000-198801,3005.90.00,198801,202606,code alone,
exports,EXR_0066,EX_0047,3006.10.00,200201,202602,"Sterile suture material;sterile laminaria;sterile absorbable haemostatics;surgical/dental,etc",EXR-30061000-200201,EX-30061000-198801,3006.10.00,200201,202606,code and first month,
exports,EXR_0067,EX_0047,3006.10.00,200003,200106,"Suture materials,sterile;laminaria, sterile;haemostatics,sterile,surgical or dental",EXR-30061000-198801,EX-30061000-198801,3006.10.00,198801,200106,code and last month,
exports,EXR_0068,EX_0048,3006.20.00,200002,202112,Blood-grouping reagents,EXR-30062000-198801,EX-30062000-198801,3006.20.00,198801,202112,code and last month,
exports,EXR_0069,EX_0049,3006.30.00,200001,202602,"Opacifying preparation, x-ray; diagnostic reagents, designed for administration to patients",EXR-30063000-198801,EX-30063000-198801,3006.30.00,198801,202606,code alone,
exports,EXR_0070,EX_0050,3006.40.00,200001,202602,Dental cements & other dental fillings; bone reconstruction cements,EXR-30064000-198801,EX-30064000-198801,3006.40.00,198801,202606,code alone,
exports,EXR_0071,EX_0051,3006.50.00,200001,202602,First-aid boxes and kits,EXR-30065000-198801,EX-30065000-198801,3006.50.00,198801,202606,code alone,
exports,EXR_0072,EX_0052,3006.60.00,200201,202602,"Chem contraceptive preparations,based on hormones/other prod of No 29.37/spermicides",EXR-30066000-200201,EX-30066000-198801,3006.60.00,200201,202606,code and first month,
exports,EXR_0073,EX_0052,3006.60.00,200001,200112,"Contraceptive preparation based on hormones, on other prod of No 29.37 or spermicides",EXR-30066000-198801,EX-30066000-198801,3006.60.00,198801,200112,code and last month,
exports,EXR_0074,EX_0053,3006.70.00,200205,202602,"Gel preparation for human/veterinary medicine as lub for parts of body for oper/examination,etc",EXR-30067000-200205,EX-30067000-200205,3006.70.00,200205,202606,code and first month,
exports,EXR_0075,EX_0054,3006.80.00,200209,200612,Waste pharmaceuticals,EXR-30068000-200209,EX-30068000-200209,3006.80.00,200209,200612,code and first month,
exports,EXR_0076,EX_0055,3006.91.00,200703,202602,Appliances identifiable for ostomy use,EXR-30069100-200702,EX-30069100-200702,3006.91.00,200702,202606,code alone,
exports,EXR_0077,EX_0054,3006.92.00,200703,202602,"Waste pharmaceuticals, not elsewhere specified",EXR-30069200-200703,EX-30068000-200209,3006.92.00,200703,202606,code and first month,
exports,EXR_0078,EX_0056,3006.93.00,202201,202602,"Placebos,blinded or double blinded clinical trial kits, put up in measured doses",EXR-30069300-202201,EX-30069300-202201,3006.93.00,202201,202606,code and first month,
exports,,,,,,,EXR-30023100-198801,EX-30023100-198801,3002.31.00,198801,199512,,new in v2; the release did not hold this commodity string
exports,,,,,,,EXR-30023900-198801,EX-30023100-198801,3002.39.00,198801,199512,,new in v2; the release did not hold this commodity string
exports,,,,,,,EXR-30029000-198901,EX-30029010-198801,3002.90.00,198901,199612,,new in v2; the release did not hold this commodity string
exports,,,,,,,EXR-30029010-198801,EX-30029010-198801,3002.90.10,198801,198812,,new in v2; the release did not hold this commodity string
exports,,,,,,,EXR-30029020-198801,EX-30029010-198801,3002.90.20,198801,198812,,new in v2; the release did not hold this commodity string
exports,,,,,,,EXR-30033100-198801,EX-30033100-198801,3003.31.00,198801,199304,,new in v2; the release did not hold this commodity string
exports,,,,,,,EXR-30041010-198801,EX-30041010-198801,3004.10.10,198801,198812,,new in v2; the release did not hold this commodity string
exports,,,,,,,EXR-30041020-198801,EX-30041010-198801,3004.10.20,198801,198812,,new in v2; the release did not hold this commodity string
exports,,,,,,,EXR-30042010-198801,EX-30042010-198801,3004.20.10,198801,198812,,new in v2; the release did not hold this commodity string
exports,,,,,,,EXR-30042020-198801,EX-30042010-198801,3004.20.20,198801,198812,,new in v2; the release did not hold this commodity string
exports,,,,,,,EXR-30043100-198803,EX-30043100-198803,3004.31.00,198803,199909,,new in v2; the release did not hold this commodity string
exports,,,,,,,EXR-30043210-198801,EX-30043210-198801,3004.32.10,198801,198812,,new in v2; the release did not hold this commodity string
exports,,,,,,,EXR-30043220-198802,EX-30043210-198801,3004.32.20,198802,198811,,new in v2; the release did not hold this commodity string
exports,,,,,,,EXR-30043910-198801,EX-30043910-198801,3004.39.10,198801,198812,,new in v2; the release did not hold this commodity string
exports,,,,,,,EXR-30043920-198801,EX-30043910-198801,3004.39.20,198801,198812,,new in v2; the release did not hold this commodity string
exports,,,,,,,EXR-30045010-198801,EX-30045010-198801,3004.50.10,198801,198812,,new in v2; the release did not hold this commodity string
exports,,,,,,,EXR-30045020-198801,EX-30045010-198801,3004.50.20,198801,198812,,new in v2; the release did not hold this commodity string
exports,,,,,,,EXR-30049010-198801,EX-30049010-198801,3004.90.10,198801,198812,,new in v2; the release did not hold this commodity string
exports,,,,,,,EXR-30049020-198801,EX-30049010-198801,3004.90.20,198801,198812,,new in v2; the release did not hold this commodity string
