boundary_from,boundary_to,section,page_index,page_label,block,old_code,old_ex,new_code,new_ex,block_remark,source_pdf
1996,2002,TABLE_I,9,10,1,3001.10,ex,3001.10,,Waste pharmaceuticals have been defined in new Note 4 (k) to Chapter 30. At the same,WTO_HSCodes_1996_to_2002.pdf
1996,2002,TABLE_I,9,10,2,3001.20,ex,3001.20,,"time, subheading 3006.80 for waste pharmaceuticals has been created.",WTO_HSCodes_1996_to_2002.pdf
1996,2002,TABLE_I,9,10,3,3001.90,ex,3001.90,,"Furthermore, the scope of subheading 3004.32 has been expanded to be consistent with the",WTO_HSCodes_1996_to_2002.pdf
1996,2002,TABLE_I,9,10,4,3002.10,ex,3002.10,,amendments to heading 29.37(see remarks for heading 29.37).,WTO_HSCodes_1996_to_2002.pdf
1996,2002,TABLE_I,9,10,5,3002.20,ex,3002.20,,,WTO_HSCodes_1996_to_2002.pdf
1996,2002,TABLE_I,9,10,6,3002.30,ex,3002.30,,,WTO_HSCodes_1996_to_2002.pdf
1996,2002,TABLE_I,9,10,7,3002.90,ex,3002.90,,,WTO_HSCodes_1996_to_2002.pdf
1996,2002,TABLE_I,9,10,8,3003.10,ex,3003.10,,,WTO_HSCodes_1996_to_2002.pdf
1996,2002,TABLE_I,9,10,9,3003.20,ex,3003.20,,,WTO_HSCodes_1996_to_2002.pdf
1996,2002,TABLE_I,9,10,10,3003.31,ex,3003.31,,,WTO_HSCodes_1996_to_2002.pdf
1996,2002,TABLE_I,9,10,11,3003.39,ex,3003.39,,,WTO_HSCodes_1996_to_2002.pdf
1996,2002,TABLE_I,9,10,12,3003.40,ex,3003.40,,,WTO_HSCodes_1996_to_2002.pdf
1996,2002,TABLE_I,9,10,13,3003.90,ex,3003.90,,,WTO_HSCodes_1996_to_2002.pdf
1996,2002,TABLE_I,9,10,14,3004.10,ex,3004.10,,,WTO_HSCodes_1996_to_2002.pdf
1996,2002,TABLE_I,9,10,15,3004.20,ex,3004.20,,,WTO_HSCodes_1996_to_2002.pdf
1996,2002,TABLE_I,9,10,16,3004.31,ex,3004.31,,,WTO_HSCodes_1996_to_2002.pdf
1996,2002,TABLE_I,9,10,17,3004.32,,3004.32,,,WTO_HSCodes_1996_to_2002.pdf
1996,2002,TABLE_I,9,10,17,3004.39,ex,3004.32,,,WTO_HSCodes_1996_to_2002.pdf
1996,2002,TABLE_I,10,11,1,3004.39,ex,3004.39,,See remarks for heading 30.01.,WTO_HSCodes_1996_to_2002.pdf
1996,2002,TABLE_I,10,11,2,3004.40,ex,3004.40,,,WTO_HSCodes_1996_to_2002.pdf
1996,2002,TABLE_I,10,11,3,3004.50,ex,3004.50,,,WTO_HSCodes_1996_to_2002.pdf
1996,2002,TABLE_I,10,11,4,3004.90,ex,3004.90,,,WTO_HSCodes_1996_to_2002.pdf
1996,2002,TABLE_I,10,11,5,3005.10,ex,3005.10,,,WTO_HSCodes_1996_to_2002.pdf
1996,2002,TABLE_I,10,11,6,3005.90,ex,3005.90,,,WTO_HSCodes_1996_to_2002.pdf
1996,2002,TABLE_I,10,11,7,3006.10,ex,3006.10,,,WTO_HSCodes_1996_to_2002.pdf
1996,2002,TABLE_I,10,11,8,3006.20,ex,3006.20,,,WTO_HSCodes_1996_to_2002.pdf
1996,2002,TABLE_I,10,11,9,3006.30,ex,3006.30,,,WTO_HSCodes_1996_to_2002.pdf
1996,2002,TABLE_I,10,11,10,3006.40,ex,3006.40,,,WTO_HSCodes_1996_to_2002.pdf
1996,2002,TABLE_I,10,11,11,3006.50,ex,3006.50,,,WTO_HSCodes_1996_to_2002.pdf
1996,2002,TABLE_I,10,11,12,3006.60,ex,3006.60,,"The scope of subheading 3006.60 has been expanded to be consistent with the amendments to heading 29.37(see remarks for heading 29.37). Consequently, Note 4 (h) to Chapter 30 has been amended.",WTO_HSCodes_1996_to_2002.pdf
1996,2002,TABLE_I,10,11,13,3824.90,ex,3006.70,,Creation of a new subheading 3006.70 for certain gel preparations.,WTO_HSCodes_1996_to_2002.pdf
1996,2002,TABLE_I,11,12,1,3001.10,ex,3006.80,,See remarks for heading 30.01.,WTO_HSCodes_1996_to_2002.pdf
1996,2002,TABLE_I,11,12,1,3001.20,ex,3006.80,,See remarks for heading 30.01.,WTO_HSCodes_1996_to_2002.pdf
1996,2002,TABLE_I,11,12,1,3001.90,ex,3006.80,,See remarks for heading 30.01.,WTO_HSCodes_1996_to_2002.pdf
1996,2002,TABLE_I,11,12,1,3002.10,ex,3006.80,,See remarks for heading 30.01.,WTO_HSCodes_1996_to_2002.pdf
1996,2002,TABLE_I,11,12,1,3002.20,ex,3006.80,,See remarks for heading 30.01.,WTO_HSCodes_1996_to_2002.pdf
1996,2002,TABLE_I,11,12,1,3002.30,ex,3006.80,,See remarks for heading 30.01.,WTO_HSCodes_1996_to_2002.pdf
1996,2002,TABLE_I,11,12,1,3002.90,ex,3006.80,,See remarks for heading 30.01.,WTO_HSCodes_1996_to_2002.pdf
1996,2002,TABLE_I,11,12,1,3003.10,ex,3006.80,,See remarks for heading 30.01.,WTO_HSCodes_1996_to_2002.pdf
1996,2002,TABLE_I,11,12,1,3003.20,ex,3006.80,,See remarks for heading 30.01.,WTO_HSCodes_1996_to_2002.pdf
1996,2002,TABLE_I,11,12,1,3003.31,ex,3006.80,,See remarks for heading 30.01.,WTO_HSCodes_1996_to_2002.pdf
1996,2002,TABLE_I,11,12,1,3003.39,ex,3006.80,,See remarks for heading 30.01.,WTO_HSCodes_1996_to_2002.pdf
1996,2002,TABLE_I,11,12,1,3003.40,ex,3006.80,,See remarks for heading 30.01.,WTO_HSCodes_1996_to_2002.pdf
1996,2002,TABLE_I,11,12,1,3003.90,ex,3006.80,,See remarks for heading 30.01.,WTO_HSCodes_1996_to_2002.pdf
1996,2002,TABLE_I,11,12,1,3004.10,ex,3006.80,,See remarks for heading 30.01.,WTO_HSCodes_1996_to_2002.pdf
1996,2002,TABLE_I,11,12,1,3004.20,ex,3006.80,,See remarks for heading 30.01.,WTO_HSCodes_1996_to_2002.pdf
1996,2002,TABLE_I,11,12,1,3004.31,ex,3006.80,,See remarks for heading 30.01.,WTO_HSCodes_1996_to_2002.pdf
1996,2002,TABLE_I,11,12,1,3004.32,ex,3006.80,,See remarks for heading 30.01.,WTO_HSCodes_1996_to_2002.pdf
1996,2002,TABLE_I,11,12,1,3004.39,ex,3006.80,,See remarks for heading 30.01.,WTO_HSCodes_1996_to_2002.pdf
1996,2002,TABLE_I,11,12,1,3004.40,ex,3006.80,,See remarks for heading 30.01.,WTO_HSCodes_1996_to_2002.pdf
1996,2002,TABLE_I,11,12,1,3004.50,ex,3006.80,,See remarks for heading 30.01.,WTO_HSCodes_1996_to_2002.pdf
1996,2002,TABLE_I,11,12,1,3004.90,ex,3006.80,,See remarks for heading 30.01.,WTO_HSCodes_1996_to_2002.pdf
1996,2002,TABLE_I,11,12,1,3005.10,ex,3006.80,,See remarks for heading 30.01.,WTO_HSCodes_1996_to_2002.pdf
1996,2002,TABLE_I,11,12,1,3005.90,ex,3006.80,,See remarks for heading 30.01.,WTO_HSCodes_1996_to_2002.pdf
1996,2002,TABLE_I,11,12,1,3006.10,ex,3006.80,,See remarks for heading 30.01.,WTO_HSCodes_1996_to_2002.pdf
1996,2002,TABLE_I,11,12,1,3006.20,ex,3006.80,,See remarks for heading 30.01.,WTO_HSCodes_1996_to_2002.pdf
1996,2002,TABLE_I,11,12,1,3006.30,ex,3006.80,,See remarks for heading 30.01.,WTO_HSCodes_1996_to_2002.pdf
1996,2002,TABLE_I,11,12,1,3006.40,ex,3006.80,,See remarks for heading 30.01.,WTO_HSCodes_1996_to_2002.pdf
1996,2002,TABLE_I,11,12,1,3006.50,ex,3006.80,,See remarks for heading 30.01.,WTO_HSCodes_1996_to_2002.pdf
1996,2002,TABLE_I,11,12,1,3006.60,ex,3006.80,,See remarks for heading 30.01.,WTO_HSCodes_1996_to_2002.pdf
1996,2002,TABLE_I,11,12,1,3824.90,ex,3006.80,,See remarks for heading 30.01.,WTO_HSCodes_1996_to_2002.pdf
1996,2002,TABLE_I,12,13,4,3005.10,ex,3825.30,,,WTO_HSCodes_1996_to_2002.pdf
1996,2002,TABLE_I,12,13,4,3005.90,ex,3825.30,,,WTO_HSCodes_1996_to_2002.pdf
1996,2002,TABLE_II,38,39,12,3001.10,,3001.10,,,WTO_HSCodes_1996_to_2002.pdf
1996,2002,TABLE_II,38,39,12,3001.10,,3006.80,ex,,WTO_HSCodes_1996_to_2002.pdf
1996,2002,TABLE_II,38,39,13,3001.20,,3001.20,,,WTO_HSCodes_1996_to_2002.pdf
1996,2002,TABLE_II,38,39,13,3001.20,,3006.80,ex,,WTO_HSCodes_1996_to_2002.pdf
1996,2002,TABLE_II,38,39,14,3001.90,,3001.90,,,WTO_HSCodes_1996_to_2002.pdf
1996,2002,TABLE_II,38,39,14,3001.90,,3006.80,ex,,WTO_HSCodes_1996_to_2002.pdf
1996,2002,TABLE_II,39,40,1,3002.10,,3002.10,,,WTO_HSCodes_1996_to_2002.pdf
1996,2002,TABLE_II,39,40,1,3002.10,,3006.80,ex,,WTO_HSCodes_1996_to_2002.pdf
1996,2002,TABLE_II,39,40,2,3002.20,,3002.20,,,WTO_HSCodes_1996_to_2002.pdf
1996,2002,TABLE_II,39,40,2,3002.20,,3006.80,ex,,WTO_HSCodes_1996_to_2002.pdf
1996,2002,TABLE_II,39,40,3,3002.30,,3002.30,,,WTO_HSCodes_1996_to_2002.pdf
1996,2002,TABLE_II,39,40,3,3002.30,,3006.80,ex,,WTO_HSCodes_1996_to_2002.pdf
1996,2002,TABLE_II,39,40,4,3002.90,,3002.90,,,WTO_HSCodes_1996_to_2002.pdf
1996,2002,TABLE_II,39,40,4,3002.90,,3006.80,ex,,WTO_HSCodes_1996_to_2002.pdf
1996,2002,TABLE_II,39,40,5,3003.10,,3003.10,,,WTO_HSCodes_1996_to_2002.pdf
1996,2002,TABLE_II,39,40,5,3003.10,,3006.80,ex,,WTO_HSCodes_1996_to_2002.pdf
1996,2002,TABLE_II,39,40,6,3003.20,,3003.20,,,WTO_HSCodes_1996_to_2002.pdf
1996,2002,TABLE_II,39,40,6,3003.20,,3006.80,ex,,WTO_HSCodes_1996_to_2002.pdf
1996,2002,TABLE_II,39,40,7,3003.31,,3003.31,,,WTO_HSCodes_1996_to_2002.pdf
1996,2002,TABLE_II,39,40,7,3003.31,,3006.80,ex,,WTO_HSCodes_1996_to_2002.pdf
1996,2002,TABLE_II,39,40,8,3003.39,,3003.39,,,WTO_HSCodes_1996_to_2002.pdf
1996,2002,TABLE_II,39,40,8,3003.39,,3006.80,ex,,WTO_HSCodes_1996_to_2002.pdf
1996,2002,TABLE_II,39,40,9,3003.40,,3003.40,,,WTO_HSCodes_1996_to_2002.pdf
1996,2002,TABLE_II,39,40,9,3003.40,,3006.80,ex,,WTO_HSCodes_1996_to_2002.pdf
1996,2002,TABLE_II,39,40,10,3003.90,,3003.90,,,WTO_HSCodes_1996_to_2002.pdf
1996,2002,TABLE_II,39,40,10,3003.90,,3006.80,ex,,WTO_HSCodes_1996_to_2002.pdf
1996,2002,TABLE_II,39,40,11,3004.10,,3004.10,,,WTO_HSCodes_1996_to_2002.pdf
1996,2002,TABLE_II,39,40,11,3004.10,,3006.80,ex,,WTO_HSCodes_1996_to_2002.pdf
1996,2002,TABLE_II,39,40,12,3004.20,,3004.20,,,WTO_HSCodes_1996_to_2002.pdf
1996,2002,TABLE_II,39,40,12,3004.20,,3006.80,ex,,WTO_HSCodes_1996_to_2002.pdf
1996,2002,TABLE_II,39,40,13,3004.31,,3004.31,,,WTO_HSCodes_1996_to_2002.pdf
1996,2002,TABLE_II,39,40,13,3004.31,,3006.80,ex,,WTO_HSCodes_1996_to_2002.pdf
1996,2002,TABLE_II,39,40,14,3004.32,,3004.32,ex,,WTO_HSCodes_1996_to_2002.pdf
1996,2002,TABLE_II,39,40,14,3004.32,,3006.80,ex,,WTO_HSCodes_1996_to_2002.pdf
1996,2002,TABLE_II,39,40,15,3004.39,,3004.32,ex,,WTO_HSCodes_1996_to_2002.pdf
1996,2002,TABLE_II,39,40,15,3004.39,,3004.39,,,WTO_HSCodes_1996_to_2002.pdf
1996,2002,TABLE_II,39,40,15,3004.39,,3006.80,ex,,WTO_HSCodes_1996_to_2002.pdf
1996,2002,TABLE_II,39,40,16,3004.40,,3004.40,,,WTO_HSCodes_1996_to_2002.pdf
1996,2002,TABLE_II,39,40,16,3004.40,,3006.80,ex,,WTO_HSCodes_1996_to_2002.pdf
1996,2002,TABLE_II,39,40,17,3004.50,,3004.50,,,WTO_HSCodes_1996_to_2002.pdf
1996,2002,TABLE_II,39,40,17,3004.50,,3006.80,ex,,WTO_HSCodes_1996_to_2002.pdf
1996,2002,TABLE_II,39,40,18,3004.90,,3004.90,,,WTO_HSCodes_1996_to_2002.pdf
1996,2002,TABLE_II,39,40,18,3004.90,,3006.80,ex,,WTO_HSCodes_1996_to_2002.pdf
1996,2002,TABLE_II,40,41,1,3005.10,,3005.10,,,WTO_HSCodes_1996_to_2002.pdf
1996,2002,TABLE_II,40,41,1,3005.10,,3006.80,ex,,WTO_HSCodes_1996_to_2002.pdf
1996,2002,TABLE_II,40,41,1,3005.10,,3825.30,ex,,WTO_HSCodes_1996_to_2002.pdf
1996,2002,TABLE_II,40,41,2,3005.90,,3005.90,,,WTO_HSCodes_1996_to_2002.pdf
1996,2002,TABLE_II,40,41,2,3005.90,,3006.80,ex,,WTO_HSCodes_1996_to_2002.pdf
1996,2002,TABLE_II,40,41,2,3005.90,,3825.30,ex,,WTO_HSCodes_1996_to_2002.pdf
1996,2002,TABLE_II,40,41,3,3006.10,,3006.10,,,WTO_HSCodes_1996_to_2002.pdf
1996,2002,TABLE_II,40,41,3,3006.10,,3006.80,ex,,WTO_HSCodes_1996_to_2002.pdf
1996,2002,TABLE_II,40,41,4,3006.20,,3006.20,,,WTO_HSCodes_1996_to_2002.pdf
1996,2002,TABLE_II,40,41,4,3006.20,,3006.80,ex,,WTO_HSCodes_1996_to_2002.pdf
1996,2002,TABLE_II,40,41,5,3006.30,,3006.30,,,WTO_HSCodes_1996_to_2002.pdf
1996,2002,TABLE_II,40,41,5,3006.30,,3006.80,ex,,WTO_HSCodes_1996_to_2002.pdf
1996,2002,TABLE_II,40,41,6,3006.40,,3006.40,,,WTO_HSCodes_1996_to_2002.pdf
1996,2002,TABLE_II,40,41,6,3006.40,,3006.80,ex,,WTO_HSCodes_1996_to_2002.pdf
1996,2002,TABLE_II,40,41,7,3006.50,,3006.50,,,WTO_HSCodes_1996_to_2002.pdf
1996,2002,TABLE_II,40,41,7,3006.50,,3006.80,ex,,WTO_HSCodes_1996_to_2002.pdf
1996,2002,TABLE_II,40,41,8,3006.60,,3006.60,,,WTO_HSCodes_1996_to_2002.pdf
1996,2002,TABLE_II,40,41,8,3006.60,,3006.80,ex,,WTO_HSCodes_1996_to_2002.pdf
1996,2002,TABLE_II,40,41,14,3824.90,,3006.70,,,WTO_HSCodes_1996_to_2002.pdf
1996,2002,TABLE_II,40,41,14,3824.90,,3006.80,ex,,WTO_HSCodes_1996_to_2002.pdf
2002,2007,TABLE_I,9,10,6,3001.10,,3001.90,,Deletion of subheading 3001.10 because of the low volume of trade.,WTO_HSCodes_2002_to_2007.pdf
2002,2007,TABLE_I,9,10,6,3001.90,,3001.90,,Deletion of subheading 3001.10 because of the low volume of trade.,WTO_HSCodes_2002_to_2007.pdf
2002,2007,TABLE_I,9,10,7,3006.10,,3006.10,,"The scope of subheading 3006.10 was expanded to cover also sterile absorbable surgical or dental yarn and sterile surgical or dental adhesion barriers, whether or not absorbable.",WTO_HSCodes_2002_to_2007.pdf
2002,2007,TABLE_I,9,10,7,3920.10,ex,3006.10,,"The scope of subheading 3006.10 was expanded to cover also sterile absorbable surgical or dental yarn and sterile surgical or dental adhesion barriers, whether or not absorbable.",WTO_HSCodes_2002_to_2007.pdf
2002,2007,TABLE_I,9,10,7,3920.20,ex,3006.10,,"The scope of subheading 3006.10 was expanded to cover also sterile absorbable surgical or dental yarn and sterile surgical or dental adhesion barriers, whether or not absorbable.",WTO_HSCodes_2002_to_2007.pdf
2002,2007,TABLE_I,9,10,7,3920.30,ex,3006.10,,"The scope of subheading 3006.10 was expanded to cover also sterile absorbable surgical or dental yarn and sterile surgical or dental adhesion barriers, whether or not absorbable.",WTO_HSCodes_2002_to_2007.pdf
2002,2007,TABLE_I,9,10,7,3920.43,ex,3006.10,,"The scope of subheading 3006.10 was expanded to cover also sterile absorbable surgical or dental yarn and sterile surgical or dental adhesion barriers, whether or not absorbable.",WTO_HSCodes_2002_to_2007.pdf
2002,2007,TABLE_I,9,10,7,3920.49,ex,3006.10,,"The scope of subheading 3006.10 was expanded to cover also sterile absorbable surgical or dental yarn and sterile surgical or dental adhesion barriers, whether or not absorbable.",WTO_HSCodes_2002_to_2007.pdf
2002,2007,TABLE_I,9,10,7,3920.51,ex,3006.10,,"The scope of subheading 3006.10 was expanded to cover also sterile absorbable surgical or dental yarn and sterile surgical or dental adhesion barriers, whether or not absorbable.",WTO_HSCodes_2002_to_2007.pdf
2002,2007,TABLE_I,9,10,7,3920.59,ex,3006.10,,"The scope of subheading 3006.10 was expanded to cover also sterile absorbable surgical or dental yarn and sterile surgical or dental adhesion barriers, whether or not absorbable.",WTO_HSCodes_2002_to_2007.pdf
2002,2007,TABLE_I,9,10,7,3920.61,ex,3006.10,,"The scope of subheading 3006.10 was expanded to cover also sterile absorbable surgical or dental yarn and sterile surgical or dental adhesion barriers, whether or not absorbable.",WTO_HSCodes_2002_to_2007.pdf
2002,2007,TABLE_I,9,10,7,3920.62,ex,3006.10,,"The scope of subheading 3006.10 was expanded to cover also sterile absorbable surgical or dental yarn and sterile surgical or dental adhesion barriers, whether or not absorbable.",WTO_HSCodes_2002_to_2007.pdf
2002,2007,TABLE_I,9,10,7,3920.63,ex,3006.10,,"The scope of subheading 3006.10 was expanded to cover also sterile absorbable surgical or dental yarn and sterile surgical or dental adhesion barriers, whether or not absorbable.",WTO_HSCodes_2002_to_2007.pdf
2002,2007,TABLE_I,9,10,7,3920.69,ex,3006.10,,"The scope of subheading 3006.10 was expanded to cover also sterile absorbable surgical or dental yarn and sterile surgical or dental adhesion barriers, whether or not absorbable.",WTO_HSCodes_2002_to_2007.pdf
2002,2007,TABLE_I,9,10,7,3920.71,ex,3006.10,,"The scope of subheading 3006.10 was expanded to cover also sterile absorbable surgical or dental yarn and sterile surgical or dental adhesion barriers, whether or not absorbable.",WTO_HSCodes_2002_to_2007.pdf
2002,2007,TABLE_I,9,10,7,3920.72,ex,3006.10,,"The scope of subheading 3006.10 was expanded to cover also sterile absorbable surgical or dental yarn and sterile surgical or dental adhesion barriers, whether or not absorbable.",WTO_HSCodes_2002_to_2007.pdf
2002,2007,TABLE_I,9,10,7,3920.73,ex,3006.10,,"The scope of subheading 3006.10 was expanded to cover also sterile absorbable surgical or dental yarn and sterile surgical or dental adhesion barriers, whether or not absorbable.",WTO_HSCodes_2002_to_2007.pdf
2002,2007,TABLE_I,9,10,7,3920.79,ex,3006.10,,"The scope of subheading 3006.10 was expanded to cover also sterile absorbable surgical or dental yarn and sterile surgical or dental adhesion barriers, whether or not absorbable.",WTO_HSCodes_2002_to_2007.pdf
2002,2007,TABLE_I,9,10,7,3920.91,ex,3006.10,,"The scope of subheading 3006.10 was expanded to cover also sterile absorbable surgical or dental yarn and sterile surgical or dental adhesion barriers, whether or not absorbable.",WTO_HSCodes_2002_to_2007.pdf
2002,2007,TABLE_I,9,10,7,3920.92,ex,3006.10,,"The scope of subheading 3006.10 was expanded to cover also sterile absorbable surgical or dental yarn and sterile surgical or dental adhesion barriers, whether or not absorbable.",WTO_HSCodes_2002_to_2007.pdf
2002,2007,TABLE_I,9,10,7,3920.93,ex,3006.10,,"The scope of subheading 3006.10 was expanded to cover also sterile absorbable surgical or dental yarn and sterile surgical or dental adhesion barriers, whether or not absorbable.",WTO_HSCodes_2002_to_2007.pdf
2002,2007,TABLE_I,9,10,7,3920.94,ex,3006.10,,"The scope of subheading 3006.10 was expanded to cover also sterile absorbable surgical or dental yarn and sterile surgical or dental adhesion barriers, whether or not absorbable.",WTO_HSCodes_2002_to_2007.pdf
2002,2007,TABLE_I,9,10,7,3920.99,ex,3006.10,,"The scope of subheading 3006.10 was expanded to cover also sterile absorbable surgical or dental yarn and sterile surgical or dental adhesion barriers, whether or not absorbable.",WTO_HSCodes_2002_to_2007.pdf
2002,2007,TABLE_I,9,10,7,3921.11,ex,3006.10,,"The scope of subheading 3006.10 was expanded to cover also sterile absorbable surgical or dental yarn and sterile surgical or dental adhesion barriers, whether or not absorbable.",WTO_HSCodes_2002_to_2007.pdf
2002,2007,TABLE_I,9,10,7,3921.12,ex,3006.10,,"The scope of subheading 3006.10 was expanded to cover also sterile absorbable surgical or dental yarn and sterile surgical or dental adhesion barriers, whether or not absorbable.",WTO_HSCodes_2002_to_2007.pdf
2002,2007,TABLE_I,9,10,7,3921.13,ex,3006.10,,"The scope of subheading 3006.10 was expanded to cover also sterile absorbable surgical or dental yarn and sterile surgical or dental adhesion barriers, whether or not absorbable.",WTO_HSCodes_2002_to_2007.pdf
2002,2007,TABLE_I,9,10,7,3921.14,ex,3006.10,,"The scope of subheading 3006.10 was expanded to cover also sterile absorbable surgical or dental yarn and sterile surgical or dental adhesion barriers, whether or not absorbable.",WTO_HSCodes_2002_to_2007.pdf
2002,2007,TABLE_I,9,10,7,3921.19,ex,3006.10,,"The scope of subheading 3006.10 was expanded to cover also sterile absorbable surgical or dental yarn and sterile surgical or dental adhesion barriers, whether or not absorbable.",WTO_HSCodes_2002_to_2007.pdf
2002,2007,TABLE_I,9,10,7,6002.40,ex,3006.10,,"The scope of subheading 3006.10 was expanded to cover also sterile absorbable surgical or dental yarn and sterile surgical or dental adhesion barriers, whether or not absorbable.",WTO_HSCodes_2002_to_2007.pdf
2002,2007,TABLE_I,9,10,7,6002.90,ex,3006.10,,"The scope of subheading 3006.10 was expanded to cover also sterile absorbable surgical or dental yarn and sterile surgical or dental adhesion barriers, whether or not absorbable.",WTO_HSCodes_2002_to_2007.pdf
2002,2007,TABLE_I,9,10,7,6003.10,ex,3006.10,,"The scope of subheading 3006.10 was expanded to cover also sterile absorbable surgical or dental yarn and sterile surgical or dental adhesion barriers, whether or not absorbable.",WTO_HSCodes_2002_to_2007.pdf
2002,2007,TABLE_I,9,10,7,6003.20,ex,3006.10,,"The scope of subheading 3006.10 was expanded to cover also sterile absorbable surgical or dental yarn and sterile surgical or dental adhesion barriers, whether or not absorbable.",WTO_HSCodes_2002_to_2007.pdf
2002,2007,TABLE_I,9,10,7,6003.30,ex,3006.10,,"The scope of subheading 3006.10 was expanded to cover also sterile absorbable surgical or dental yarn and sterile surgical or dental adhesion barriers, whether or not absorbable.",WTO_HSCodes_2002_to_2007.pdf
2002,2007,TABLE_I,9,10,7,6003.40,ex,3006.10,,"The scope of subheading 3006.10 was expanded to cover also sterile absorbable surgical or dental yarn and sterile surgical or dental adhesion barriers, whether or not absorbable.",WTO_HSCodes_2002_to_2007.pdf
2002,2007,TABLE_I,9,10,7,6003.90,ex,3006.10,,"The scope of subheading 3006.10 was expanded to cover also sterile absorbable surgical or dental yarn and sterile surgical or dental adhesion barriers, whether or not absorbable.",WTO_HSCodes_2002_to_2007.pdf
2002,2007,TABLE_I,9,10,7,6005.90,ex,3006.10,,"The scope of subheading 3006.10 was expanded to cover also sterile absorbable surgical or dental yarn and sterile surgical or dental adhesion barriers, whether or not absorbable.",WTO_HSCodes_2002_to_2007.pdf
2002,2007,TABLE_I,9,10,8,3926.90,ex,3006.91,,New subheading 3006.91 has been created to provide separately for appliances for ostomy use. Subheading 3006.80 has been renumbered,WTO_HSCodes_2002_to_2007.pdf
2002,2007,TABLE_I,9,10,9,3006.80,,3006.92,,as 3006.92.,WTO_HSCodes_2002_to_2007.pdf
2002,2007,TABLE_II,41,42,8,3001.10,,3001.90,ex,,WTO_HSCodes_2002_to_2007.pdf
2002,2007,TABLE_II,41,42,9,3001.90,,3001.90,ex,,WTO_HSCodes_2002_to_2007.pdf
2002,2007,TABLE_II,41,42,10,3006.10,,3006.10,ex,,WTO_HSCodes_2002_to_2007.pdf
2002,2007,TABLE_II,41,42,11,3006.80,,3006.92,,,WTO_HSCodes_2002_to_2007.pdf
2002,2007,TABLE_II,43,44,15,3920.10,,3006.10,ex,,WTO_HSCodes_2002_to_2007.pdf
2002,2007,TABLE_II,43,44,16,3920.20,,3006.10,ex,,WTO_HSCodes_2002_to_2007.pdf
2002,2007,TABLE_II,44,45,1,3920.30,,3006.10,ex,,WTO_HSCodes_2002_to_2007.pdf
2002,2007,TABLE_II,44,45,2,3920.43,,3006.10,ex,,WTO_HSCodes_2002_to_2007.pdf
2002,2007,TABLE_II,44,45,3,3920.49,,3006.10,ex,,WTO_HSCodes_2002_to_2007.pdf
2002,2007,TABLE_II,44,45,4,3920.51,,3006.10,ex,,WTO_HSCodes_2002_to_2007.pdf
2002,2007,TABLE_II,44,45,5,3920.59,,3006.10,ex,,WTO_HSCodes_2002_to_2007.pdf
2002,2007,TABLE_II,44,45,6,3920.61,,3006.10,ex,,WTO_HSCodes_2002_to_2007.pdf
2002,2007,TABLE_II,44,45,7,3920.62,,3006.10,ex,,WTO_HSCodes_2002_to_2007.pdf
2002,2007,TABLE_II,44,45,8,3920.63,,3006.10,ex,,WTO_HSCodes_2002_to_2007.pdf
2002,2007,TABLE_II,44,45,9,3920.69,,3006.10,ex,,WTO_HSCodes_2002_to_2007.pdf
2002,2007,TABLE_II,44,45,10,3920.71,,3006.10,ex,,WTO_HSCodes_2002_to_2007.pdf
2002,2007,TABLE_II,44,45,11,3920.72,,3006.10,ex,,WTO_HSCodes_2002_to_2007.pdf
2002,2007,TABLE_II,44,45,12,3920.73,,3006.10,ex,,WTO_HSCodes_2002_to_2007.pdf
2002,2007,TABLE_II,44,45,13,3920.79,,3006.10,ex,,WTO_HSCodes_2002_to_2007.pdf
2002,2007,TABLE_II,44,45,14,3920.91,,3006.10,ex,,WTO_HSCodes_2002_to_2007.pdf
2002,2007,TABLE_II,44,45,15,3920.92,,3006.10,ex,,WTO_HSCodes_2002_to_2007.pdf
2002,2007,TABLE_II,44,45,16,3920.93,,3006.10,ex,,WTO_HSCodes_2002_to_2007.pdf
2002,2007,TABLE_II,44,45,17,3920.94,,3006.10,ex,,WTO_HSCodes_2002_to_2007.pdf
2002,2007,TABLE_II,44,45,18,3920.99,,3006.10,ex,,WTO_HSCodes_2002_to_2007.pdf
2002,2007,TABLE_II,44,45,19,3921.11,,3006.10,ex,,WTO_HSCodes_2002_to_2007.pdf
2002,2007,TABLE_II,44,45,20,3921.12,,3006.10,ex,,WTO_HSCodes_2002_to_2007.pdf
2002,2007,TABLE_II,44,45,21,3921.13,,3006.10,ex,,WTO_HSCodes_2002_to_2007.pdf
2002,2007,TABLE_II,44,45,22,3921.14,,3006.10,ex,,WTO_HSCodes_2002_to_2007.pdf
2002,2007,TABLE_II,44,45,23,3921.19,,3006.10,ex,,WTO_HSCodes_2002_to_2007.pdf
2002,2007,TABLE_II,44,45,24,3926.90,,3006.91,,,WTO_HSCodes_2002_to_2007.pdf
2002,2007,TABLE_II,51,52,8,6002.40,,3006.10,ex,,WTO_HSCodes_2002_to_2007.pdf
2002,2007,TABLE_II,51,52,9,6002.90,,3006.10,ex,,WTO_HSCodes_2002_to_2007.pdf
2002,2007,TABLE_II,51,52,10,6003.10,,3006.10,ex,,WTO_HSCodes_2002_to_2007.pdf
2002,2007,TABLE_II,51,52,11,6003.20,,3006.10,ex,,WTO_HSCodes_2002_to_2007.pdf
2002,2007,TABLE_II,51,52,12,6003.40,,3006.10,ex,,WTO_HSCodes_2002_to_2007.pdf
2002,2007,TABLE_II,51,52,13,6003.90,,3006.10,ex,,WTO_HSCodes_2002_to_2007.pdf
2002,2007,TABLE_II,51,52,15,6005.90,,3006.10,ex,,WTO_HSCodes_2002_to_2007.pdf
2007,2012,TABLE_I,15,16,1,2925.29,ex,3002.10,,The scope of subheading 3002.10 has been expanded to cover other immunological products which are directly involved in the regulation of immunological processes.,WTO_HSCodes_2007_to_2012.pdf
2007,2012,TABLE_I,15,16,1,2933.29,ex,3002.10,,The scope of subheading 3002.10 has been expanded to cover other immunological products which are directly involved in the regulation of immunological processes.,WTO_HSCodes_2007_to_2012.pdf
2007,2012,TABLE_I,15,16,1,2934.99,ex,3002.10,,The scope of subheading 3002.10 has been expanded to cover other immunological products which are directly involved in the regulation of immunological processes.,WTO_HSCodes_2007_to_2012.pdf
2007,2012,TABLE_I,15,16,1,2937.90,ex,3002.10,,The scope of subheading 3002.10 has been expanded to cover other immunological products which are directly involved in the regulation of immunological processes.,WTO_HSCodes_2007_to_2012.pdf
2007,2012,TABLE_I,15,16,1,3002.10,ex,3002.10,,The scope of subheading 3002.10 has been expanded to cover other immunological products which are directly involved in the regulation of immunological processes.,WTO_HSCodes_2007_to_2012.pdf
2007,2012,TABLE_I,15,16,1,3002.20,ex,3002.10,,The scope of subheading 3002.10 has been expanded to cover other immunological products which are directly involved in the regulation of immunological processes.,WTO_HSCodes_2007_to_2012.pdf
2007,2012,TABLE_I,15,16,1,3002.90,ex,3002.10,,The scope of subheading 3002.10 has been expanded to cover other immunological products which are directly involved in the regulation of immunological processes.,WTO_HSCodes_2007_to_2012.pdf
2007,2012,TABLE_I,15,16,1,3907.20,ex,3002.10,,The scope of subheading 3002.10 has been expanded to cover other immunological products which are directly involved in the regulation of immunological processes.,WTO_HSCodes_2007_to_2012.pdf
2007,2012,TABLE_I,15,16,2,3002.20,ex,3002.20,,,WTO_HSCodes_2007_to_2012.pdf
2007,2012,TABLE_I,15,16,3,2933.29,ex,3002.90,,,WTO_HSCodes_2007_to_2012.pdf
2007,2012,TABLE_I,15,16,3,3002.10,ex,3002.90,,,WTO_HSCodes_2007_to_2012.pdf
2007,2012,TABLE_I,15,16,3,3002.90,ex,3002.90,,,WTO_HSCodes_2007_to_2012.pdf
2007,2012,TABLE_II,28,29,8,2925.29,,3002.10,ex,,WTO_HSCodes_2007_to_2012.pdf
2007,2012,TABLE_II,28,29,12,2933.29,,3002.10,ex,,WTO_HSCodes_2007_to_2012.pdf
2007,2012,TABLE_II,28,29,12,2933.29,,3002.90,ex,,WTO_HSCodes_2007_to_2012.pdf
2007,2012,TABLE_II,28,29,13,2934.99,,3002.10,ex,,WTO_HSCodes_2007_to_2012.pdf
2007,2012,TABLE_II,28,29,17,2937.90,,3002.10,ex,,WTO_HSCodes_2007_to_2012.pdf
2007,2012,TABLE_II,28,29,19,3002.10,,3002.10,ex,,WTO_HSCodes_2007_to_2012.pdf
2007,2012,TABLE_II,28,29,19,3002.10,,3002.90,ex,,WTO_HSCodes_2007_to_2012.pdf
2007,2012,TABLE_II,28,29,20,3002.20,,3002.10,ex,,WTO_HSCodes_2007_to_2012.pdf
2007,2012,TABLE_II,28,29,20,3002.20,,3002.20,,,WTO_HSCodes_2007_to_2012.pdf
2007,2012,TABLE_II,28,29,21,3002.90,,3002.10,ex,,WTO_HSCodes_2007_to_2012.pdf
2007,2012,TABLE_II,28,29,21,3002.90,,3002.90,ex,,WTO_HSCodes_2007_to_2012.pdf
2007,2012,TABLE_II,29,30,8,3907.20,,3002.10,ex,,WTO_HSCodes_2007_to_2012.pdf
2007,2012,TABLE_II,29,30,9,3913.90,,3002.10,ex,,WTO_HSCodes_2007_to_2012.pdf
2012,2017,TABLE_I,13,14,23,3002.10,ex,3002.11,,"Subheading 3002.10 has been subdivided to create new subheadings 3002.11 for malaria diagnostic test kits, and",WTO_HSCodes_2012_to_2017.pdf
2012,2017,TABLE_I,13,14,24,3002.10,ex,3002.12,,"3002.12 to 3002.15 for immunological products, whether unmixed, mixed or put up in measured doses or in forms",WTO_HSCodes_2012_to_2017.pdf
2012,2017,TABLE_I,13,14,25,3002.10,ex,3002.13,,"or packings for retail sale. Furthermore, the scope of the Customs Organization. All rights reserved. Requests and inquiries concerning adaptation rights should be addressed to copyright@wcoomd.org.",WTO_HSCodes_2012_to_2017.pdf
2012,2017,TABLE_I,14,15,1,3002.10,ex,3002.14,,new Subheading Note 1 to Chapter 30.,WTO_HSCodes_2012_to_2017.pdf
2012,2017,TABLE_I,14,15,2,3002.10,ex,3002.15,,,WTO_HSCodes_2012_to_2017.pdf
2012,2017,TABLE_I,14,15,3,3002.10,ex,3002.19,,,WTO_HSCodes_2012_to_2017.pdf
2012,2017,TABLE_I,14,15,4,3003.40,ex,3003.41,,"Subheading 3003.40 has been subdivided to create new subheadings 3003.41, 3003.42 and 3003.43, facilitating",WTO_HSCodes_2012_to_2017.pdf
2012,2017,TABLE_I,14,15,5,3003.40,ex,3003.42,,"the monitoring and control of pharmaceutical preparations containing ephedrine, pseudoephedrine or",WTO_HSCodes_2012_to_2017.pdf
2012,2017,TABLE_I,14,15,6,3003.40,ex,3003.43,,"norephedrine, or salts thereof.",WTO_HSCodes_2012_to_2017.pdf
2012,2017,TABLE_I,14,15,7,3003.40,ex,3003.49,,"At the same time, new subheading 3003.60 has been created to provide separately for antimalarial",WTO_HSCodes_2012_to_2017.pdf
2012,2017,TABLE_I,14,15,8,3003.90,ex,3003.60,,"medicaments. Furthermore, the scope of the new subheading 3003.60 has been defined in new Subheading",WTO_HSCodes_2012_to_2017.pdf
2012,2017,TABLE_I,14,15,9,3003.90,ex,3003.90,,Note 2 to Chapter 30.,WTO_HSCodes_2012_to_2017.pdf
2012,2017,TABLE_I,14,15,10,3004.40,ex,3004.41,,"Subheading 3004.40 has been subdivided to create new subheadings 3004.41, 3004.42 and 3004.43, facilitating",WTO_HSCodes_2012_to_2017.pdf
2012,2017,TABLE_I,14,15,11,3004.40,ex,3004.42,,"the monitoring and control of pharmaceutical preparations containing ephedrine, pseudoephedrine or",WTO_HSCodes_2012_to_2017.pdf
2012,2017,TABLE_I,14,15,12,3004.40,ex,3004.43,,"norephedrine, or salts thereof.",WTO_HSCodes_2012_to_2017.pdf
2012,2017,TABLE_I,14,15,13,3004.40,ex,3004.49,,,WTO_HSCodes_2012_to_2017.pdf
2012,2017,TABLE_I,14,15,14,3004.90,ex,3004.60,,"At the same time, new subheading 3304.60 has been created to provide separately for antimalarial",WTO_HSCodes_2012_to_2017.pdf
2012,2017,TABLE_I,14,15,15,3004.90,ex,3004.90,,"medicaments. Furthermore, the scope of the new subheading 3004.60 has been defined in new Subheading Note 2 to Chapter 30.",WTO_HSCodes_2012_to_2017.pdf
2012,2017,TABLE_II,32,33,11,3002.10,,3002.11,,,WTO_HSCodes_2012_to_2017.pdf
2012,2017,TABLE_II,32,33,11,3002.10,,3002.12,,,WTO_HSCodes_2012_to_2017.pdf
2012,2017,TABLE_II,32,33,11,3002.10,,3002.13,,,WTO_HSCodes_2012_to_2017.pdf
2012,2017,TABLE_II,32,33,11,3002.10,,3002.14,,,WTO_HSCodes_2012_to_2017.pdf
2012,2017,TABLE_II,32,33,11,3002.10,,3002.15,,,WTO_HSCodes_2012_to_2017.pdf
2012,2017,TABLE_II,32,33,11,3002.10,,3002.19,,,WTO_HSCodes_2012_to_2017.pdf
2012,2017,TABLE_II,32,33,12,3003.40,,3003.41,,,WTO_HSCodes_2012_to_2017.pdf
2012,2017,TABLE_II,32,33,12,3003.40,,3003.42,,,WTO_HSCodes_2012_to_2017.pdf
2012,2017,TABLE_II,32,33,12,3003.40,,3003.43,,,WTO_HSCodes_2012_to_2017.pdf
2012,2017,TABLE_II,32,33,12,3003.40,,3003.49,,,WTO_HSCodes_2012_to_2017.pdf
2012,2017,TABLE_II,32,33,13,3003.90,,3003.60,,and inquiries concerning,WTO_HSCodes_2012_to_2017.pdf
2012,2017,TABLE_II,32,33,13,3003.90,,3003.90,,and inquiries concerning,WTO_HSCodes_2012_to_2017.pdf
2012,2017,TABLE_II,33,34,1,3004.40,,3004.41,,,WTO_HSCodes_2012_to_2017.pdf
2012,2017,TABLE_II,33,34,1,3004.40,,3004.42,,,WTO_HSCodes_2012_to_2017.pdf
2012,2017,TABLE_II,33,34,1,3004.40,,3004.43,,,WTO_HSCodes_2012_to_2017.pdf
2012,2017,TABLE_II,33,34,1,3004.40,,3004.49,,,WTO_HSCodes_2012_to_2017.pdf
2012,2017,TABLE_II,33,34,2,3004.90,,3004.60,,,WTO_HSCodes_2012_to_2017.pdf
2012,2017,TABLE_II,33,34,2,3004.90,,3004.90,,,WTO_HSCodes_2012_to_2017.pdf
2017,2022,TABLE_I,8,9,13,3002.13,ex,3002.13,,See the remarks of heading 38.22,WTO_HSCodes_2017_to_2022.pdf
2017,2022,TABLE_I,8,9,14,3002.14,ex,3002.14,,See the remarks of heading 38.22,WTO_HSCodes_2017_to_2022.pdf
2017,2022,TABLE_I,8,9,15,3002.15,ex,3002.15,,See the remarks of heading 38.22 This subheading was considered by the HS Committee as empty and therefore was deleted.,WTO_HSCodes_2017_to_2022.pdf
2017,2022,TABLE_I,8,9,16,3002.20,,3002.41,,"Subheadings 3002.20 and 3002.30 have been deleted and substituted by new subheadings 3002.41, 3002.42 and 3002.49",WTO_HSCodes_2017_to_2022.pdf
2017,2022,TABLE_I,8,9,17,3002.30,,3002.42,,"to facilitate the monitoring and control of certain dual use items covered under new subheading 3002.49 (e.g., toxins and similar",WTO_HSCodes_2017_to_2022.pdf
2017,2022,TABLE_I,8,9,18,3002.90,ex,3002.49,,"products). At the same time, new subheadings 3002.51 and 3002.59 have been created to clarify the classification of cell cultures, including",WTO_HSCodes_2017_to_2022.pdf
2017,2022,TABLE_I,8,9,19,3002.90,ex,3002.51,,cell therapy products.,WTO_HSCodes_2017_to_2022.pdf
2017,2022,TABLE_I,8,9,20,3002.90,ex,3002.59,,,WTO_HSCodes_2017_to_2022.pdf
2017,2022,TABLE_I,8,9,21,3002.90,ex,3002.90,,,WTO_HSCodes_2017_to_2022.pdf
2017,2022,TABLE_I,8,9,22,1704.90,ex,3006.93,,"Creation of new subheading 3006.93 for placebos and blinded (or double-blinded) clinical trial kits for a recognized clinical trial, put up in measured does entails the transfer of certain products currently covered under subheadings of other headings of the of Nomenclature, in particular, but not limited to, headings: 17.04, if made of sugar; 21.06, if made of starch or other foodstuff; 22.02, if in liquid form for oral intake; 30.04, if kits containing medicaments; and 38.24, if containing other chemicals.",WTO_HSCodes_2017_to_2022.pdf
2017,2022,TABLE_I,8,9,22,2106.90,ex,3006.93,,"Creation of new subheading 3006.93 for placebos and blinded (or double-blinded) clinical trial kits for a recognized clinical trial, put up in measured does entails the transfer of certain products currently covered under subheadings of other headings of the of Nomenclature, in particular, but not limited to, headings: 17.04, if made of sugar; 21.06, if made of starch or other foodstuff; 22.02, if in liquid form for oral intake; 30.04, if kits containing medicaments; and 38.24, if containing other chemicals.",WTO_HSCodes_2017_to_2022.pdf
2017,2022,TABLE_I,8,9,22,2202.99,ex,3006.93,,"Creation of new subheading 3006.93 for placebos and blinded (or double-blinded) clinical trial kits for a recognized clinical trial, put up in measured does entails the transfer of certain products currently covered under subheadings of other headings of the of Nomenclature, in particular, but not limited to, headings: 17.04, if made of sugar; 21.06, if made of starch or other foodstuff; 22.02, if in liquid form for oral intake; 30.04, if kits containing medicaments; and 38.24, if containing other chemicals.",WTO_HSCodes_2017_to_2022.pdf
2017,2022,TABLE_I,8,9,22,3824.99,ex,3006.93,,"Creation of new subheading 3006.93 for placebos and blinded (or double-blinded) clinical trial kits for a recognized clinical trial, put up in measured does entails the transfer of certain products currently covered under subheadings of other headings of the of Nomenclature, in particular, but not limited to, headings: 17.04, if made of sugar; 21.06, if made of starch or other foodstuff; 22.02, if in liquid form for oral intake; 30.04, if kits containing medicaments; and 38.24, if containing other chemicals.",WTO_HSCodes_2017_to_2022.pdf
2017,2022,TABLE_I,9,10,15,3002.11,,3822.11,,"Creation of new exclusion Note 1 (ij) to Chapter 30 and new subheadings 3822.11, 3822.12 and 3822.19 entail the transfer of diagnostic reagents and kits (including malaria diagnostic kits) from subheadings 3002.11, 3002.13, 3002.14 and 3002.15 to new subheadings 3822.11, 3822.12 and 3822.19.",WTO_HSCodes_2017_to_2022.pdf
2017,2022,TABLE_I,9,10,15,3002.13,ex,3822.11,,"Creation of new exclusion Note 1 (ij) to Chapter 30 and new subheadings 3822.11, 3822.12 and 3822.19 entail the transfer of diagnostic reagents and kits (including malaria diagnostic kits) from subheadings 3002.11, 3002.13, 3002.14 and 3002.15 to new subheadings 3822.11, 3822.12 and 3822.19.",WTO_HSCodes_2017_to_2022.pdf
2017,2022,TABLE_I,9,10,15,3002.14,ex,3822.11,,"Creation of new exclusion Note 1 (ij) to Chapter 30 and new subheadings 3822.11, 3822.12 and 3822.19 entail the transfer of diagnostic reagents and kits (including malaria diagnostic kits) from subheadings 3002.11, 3002.13, 3002.14 and 3002.15 to new subheadings 3822.11, 3822.12 and 3822.19.",WTO_HSCodes_2017_to_2022.pdf
2017,2022,TABLE_I,9,10,15,3002.15,ex,3822.11,,"Creation of new exclusion Note 1 (ij) to Chapter 30 and new subheadings 3822.11, 3822.12 and 3822.19 entail the transfer of diagnostic reagents and kits (including malaria diagnostic kits) from subheadings 3002.11, 3002.13, 3002.14 and 3002.15 to new subheadings 3822.11, 3822.12 and 3822.19.",WTO_HSCodes_2017_to_2022.pdf
2017,2022,TABLE_I,9,10,16,3002.13,ex,3822.12,,"At the same time, deletion and substitution of Note 4 (e) to Chapter 30 and creation of new subheading 3822.13 entail the transfer of blood grouping reagents from subheading 3006.20 to new subheading 3822.13.",WTO_HSCodes_2017_to_2022.pdf
2017,2022,TABLE_I,9,10,16,3002.14,ex,3822.12,,"At the same time, deletion and substitution of Note 4 (e) to Chapter 30 and creation of new subheading 3822.13 entail the transfer of blood grouping reagents from subheading 3006.20 to new subheading 3822.13.",WTO_HSCodes_2017_to_2022.pdf
2017,2022,TABLE_I,9,10,16,3002.15,ex,3822.12,,"At the same time, deletion and substitution of Note 4 (e) to Chapter 30 and creation of new subheading 3822.13 entail the transfer of blood grouping reagents from subheading 3006.20 to new subheading 3822.13.",WTO_HSCodes_2017_to_2022.pdf
2017,2022,TABLE_I,9,10,17,3006.20,,3822.13,,,WTO_HSCodes_2017_to_2022.pdf
2017,2022,TABLE_I,9,10,18,3002.13,ex,3822.19,,,WTO_HSCodes_2017_to_2022.pdf
2017,2022,TABLE_I,9,10,18,3002.14,ex,3822.19,,,WTO_HSCodes_2017_to_2022.pdf
2017,2022,TABLE_I,9,10,18,3002.15,ex,3822.19,,,WTO_HSCodes_2017_to_2022.pdf
2017,2022,TABLE_II,27,28,7,1704.90,,3006.93,ex,,WTO_HSCodes_2017_to_2022.pdf
2017,2022,TABLE_II,27,28,11,2106.90,,3006.93,ex,,WTO_HSCodes_2017_to_2022.pdf
2017,2022,TABLE_II,27,28,12,2202.99,,3006.93,ex,,WTO_HSCodes_2017_to_2022.pdf
2017,2022,TABLE_II,29,30,3,3002.11,,3822.11,ex,,WTO_HSCodes_2017_to_2022.pdf
2017,2022,TABLE_II,29,30,4,3002.13,,3002.13,,,WTO_HSCodes_2017_to_2022.pdf
2017,2022,TABLE_II,29,30,4,3002.13,,3822.11,ex,,WTO_HSCodes_2017_to_2022.pdf
2017,2022,TABLE_II,29,30,4,3002.13,,3822.12,ex,,WTO_HSCodes_2017_to_2022.pdf
2017,2022,TABLE_II,29,30,4,3002.13,,3822.19,ex,,WTO_HSCodes_2017_to_2022.pdf
2017,2022,TABLE_II,29,30,5,3002.14,,3002.14,,,WTO_HSCodes_2017_to_2022.pdf
2017,2022,TABLE_II,29,30,5,3002.14,,3822.11,ex,,WTO_HSCodes_2017_to_2022.pdf
2017,2022,TABLE_II,29,30,5,3002.14,,3822.12,ex,,WTO_HSCodes_2017_to_2022.pdf
2017,2022,TABLE_II,29,30,5,3002.14,,3822.19,ex,,WTO_HSCodes_2017_to_2022.pdf
2017,2022,TABLE_II,29,30,6,3002.15,,3002.15,,,WTO_HSCodes_2017_to_2022.pdf
2017,2022,TABLE_II,29,30,6,3002.15,,3822.11,ex,,WTO_HSCodes_2017_to_2022.pdf
2017,2022,TABLE_II,29,30,6,3002.15,,3822.12,ex,,WTO_HSCodes_2017_to_2022.pdf
2017,2022,TABLE_II,29,30,6,3002.15,,3822.19,ex,,WTO_HSCodes_2017_to_2022.pdf
2017,2022,TABLE_II,29,30,7,3002.20,,3002.41,,,WTO_HSCodes_2017_to_2022.pdf
2017,2022,TABLE_II,29,30,8,3002.30,,3002.42,,,WTO_HSCodes_2017_to_2022.pdf
2017,2022,TABLE_II,29,30,9,3002.90,,3002.49,,considered by the HS it was therefore deleted of 30.04,WTO_HSCodes_2017_to_2022.pdf
2017,2022,TABLE_II,29,30,9,3002.90,,3002.51,,considered by the HS it was therefore deleted of 30.04,WTO_HSCodes_2017_to_2022.pdf
2017,2022,TABLE_II,29,30,9,3002.90,,3002.59,,considered by the HS it was therefore deleted of 30.04,WTO_HSCodes_2017_to_2022.pdf
2017,2022,TABLE_II,29,30,9,3002.90,,3002.90,,considered by the HS it was therefore deleted of 30.04,WTO_HSCodes_2017_to_2022.pdf
2017,2022,TABLE_II,29,30,10,3006.20,,3822.13,,,WTO_HSCodes_2017_to_2022.pdf
2017,2022,TABLE_II,30,31,15,3824.99,,3006.93,ex,,WTO_HSCodes_2017_to_2022.pdf
